FAB,RETICLE,PRODUCT,RECIPE,STEP
SIMTECH,RET_57,PRO_11,REC_WAFER_899,OP_55
SIMTECH,RET_58,PRO_11,REC_WAFER_899,OP_88
SIMTECH,RET_59,PRO_11,REC_WAFER_899,OP_73
SIMTECH,RET_60,PRO_11,REC_WAFER_899,OP_119
SIMTECH,RET_61,PRO_11,REC_WAFER_42,OP_160
SIMTECH,RET_62,PRO_11,REC_WAFER_899,OP_107
SIMTECH,RET_63,PRO_11,REC_WAFER_899,OP_37
SIMTECH,RET_64,PRO_11,REC_WAFER_896,OP_11
SIMTECH,RET_65,PRO_11,REC_WAFER_95,OP_144
SIMTECH,RET_66,PRO_11,REC_WAFER_361,OP_187
SIMTECH,RET_80,PRO_12,REC_WAFER_899,OP_54
SIMTECH,RET_81,PRO_12,REC_WAFER_899,OP_88
SIMTECH,RET_82,PRO_12,REC_WAFER_899,OP_73
SIMTECH,RET_83,PRO_12,REC_WAFER_899,OP_118
SIMTECH,RET_84,PRO_12,REC_WAFER_899,OP_130
SIMTECH,RET_85,PRO_12,REC_WAFER_42,OP_158
SIMTECH,RET_86,PRO_12,REC_WAFER_899,OP_106
SIMTECH,RET_87,PRO_12,REC_WAFER_899,OP_36
SIMTECH,RET_88,PRO_12,REC_WAFER_899,OP_23
SIMTECH,RET_89,PRO_12,REC_WAFER_896,OP_11
SIMTECH,RET_90,PRO_12,REC_WAFER_95,OP_142
SIMTECH,RET_91,PRO_12,REC_WAFER_361,OP_185
SIMTECH,RET_92,PRO_12,REC_WAFER_487,OP_175
SIMTECH,RET_1280,PRO_22,REC_WAFER_896,OP_8
SIMTECH,RET_1281,PRO_22,REC_WAFER_899,OP_33
SIMTECH,RET_1282,PRO_22,REC_WAFER_66,OP_57
SIMTECH,RET_1283,PRO_22,REC_WAFER_86,OP_72
SIMTECH,RET_1329,PRO_23,REC_WAFER_896,OP_8
SIMTECH,RET_1330,PRO_23,REC_WAFER_899,OP_31
SIMTECH,RET_1331,PRO_23,REC_WAFER_86,OP_71
SIMTECH,RET_1332,PRO_23,REC_WAFER_69,OP_70
SIMTECH,RET_1605,PRO_18,REC_WAFER_899,OP_105
SIMTECH,RET_1606,PRO_18,REC_WAFER_899,OP_163
SIMTECH,RET_1607,PRO_18,REC_WAFER_48,OP_179
SIMTECH,RET_1608,PRO_18,REC_WAFER_899,OP_132
SIMTECH,RET_1609,PRO_18,REC_WAFER_902,OP_190
SIMTECH,RET_1610,PRO_18,REC_WAFER_896,OP_5
SIMTECH,RET_1611,PRO_18,REC_WAFER_899,OP_23
SIMTECH,RET_1612,PRO_18,REC_WAFER_899,OP_40
SIMTECH,RET_1613,PRO_18,REC_WAFER_899,OP_79
SIMTECH,RET_1614,PRO_18,REC_WAFER_899,OP_96
SIMTECH,RET_1667,PRO_19,REC_WAFER_899,OP_105
SIMTECH,RET_1668,PRO_19,REC_WAFER_899,OP_114
SIMTECH,RET_1669,PRO_19,REC_WAFER_899,OP_162
SIMTECH,RET_1670,PRO_19,REC_WAFER_899,OP_131
SIMTECH,RET_1671,PRO_19,REC_WAFER_896,OP_4
SIMTECH,RET_1672,PRO_19,REC_WAFER_899,OP_23
SIMTECH,RET_1673,PRO_19,REC_WAFER_899,OP_59
SIMTECH,RET_1674,PRO_19,REC_WAFER_899,OP_79
SIMTECH,RET_1675,PRO_19,REC_WAFER_899,OP_96
SIMTECH,RET_1839,PRO_26,REC_WAFER_899,OP_19
SIMTECH,RET_1840,PRO_26,REC_WAFER_899,OP_58
SIMTECH,RET_1841,PRO_26,REC_WAFER_899,OP_101
SIMTECH,RET_1842,PRO_26,REC_WAFER_48,OP_126
SIMTECH,RET_1843,PRO_26,REC_WAFER_48,OP_78
SIMTECH,RET_1844,PRO_26,REC_WAFER_899,OP_33
SIMTECH,RET_1845,PRO_26,REC_WAFER_48,OP_141
SIMTECH,RET_1846,PRO_26,REC_WAFER_89,OP_148
SIMTECH,RET_2039,PRO_27,REC_WAFER_899,OP_15
SIMTECH,RET_2040,PRO_27,REC_WAFER_899,OP_54
SIMTECH,RET_2041,PRO_27,REC_WAFER_48,OP_130
SIMTECH,RET_2043,PRO_27,REC_WAFER_48,OP_102
SIMTECH,RET_2044,PRO_27,REC_WAFER_899,OP_72
SIMTECH,RET_2045,PRO_27,REC_WAFER_896,OP_7
SIMTECH,RET_2046,PRO_27,REC_WAFER_899,OP_29
SIMTECH,RET_2047,PRO_27,REC_WAFER_89,OP_143
SIMTECH,RET_2315,PRO_25,REC_WAFER_48,OP_74
SIMTECH,RET_2316,PRO_25,REC_WAFER_899,OP_179
SIMTECH,RET_2317,PRO_25,REC_WAFER_42,OP_260
SIMTECH,RET_2318,PRO_25,REC_WAFER_899,OP_85
SIMTECH,RET_2319,PRO_25,REC_WAFER_899,OP_97
SIMTECH,RET_2320,PRO_25,REC_WAFER_899,OP_20
SIMTECH,RET_2321,PRO_25,REC_WAFER_899,OP_168
SIMTECH,RET_2322,PRO_25,REC_WAFER_899,OP_194
SIMTECH,RET_2323,PRO_25,REC_WAFER_899,OP_145
SIMTECH,RET_2324,PRO_25,REC_WAFER_48,OP_120
SIMTECH,RET_2325,PRO_25,REC_WAFER_45,OP_281
SIMTECH,RET_2326,PRO_25,REC_WAFER_899,OP_134
SIMTECH,RET_2327,PRO_25,REC_WAFER_48,OP_60
SIMTECH,RET_2328,PRO_25,REC_WAFER_899,OP_42
SIMTECH,RET_2329,PRO_25,REC_WAFER_899,OP_220
SIMTECH,RET_2330,PRO_25,REC_WAFER_899,OP_156
SIMTECH,RET_2331,PRO_25,REC_WAFER_896,OP_6
SIMTECH,RET_2332,PRO_25,REC_WAFER_899,OP_239
SIMTECH,RET_2335,PRO_24,REC_WAFER_48,OP_75
SIMTECH,RET_2336,PRO_24,REC_WAFER_899,OP_180
SIMTECH,RET_2337,PRO_24,REC_WAFER_42,OP_261
SIMTECH,RET_2338,PRO_24,REC_WAFER_899,OP_86
SIMTECH,RET_2339,PRO_24,REC_WAFER_899,OP_98
SIMTECH,RET_2340,PRO_24,REC_WAFER_899,OP_21
SIMTECH,RET_2341,PRO_24,REC_WAFER_899,OP_169
SIMTECH,RET_2342,PRO_24,REC_WAFER_899,OP_195
SIMTECH,RET_2343,PRO_24,REC_WAFER_899,OP_222
SIMTECH,RET_2344,PRO_24,REC_WAFER_899,OP_146
SIMTECH,RET_2345,PRO_24,REC_WAFER_48,OP_121
SIMTECH,RET_2346,PRO_24,REC_WAFER_45,OP_282
SIMTECH,RET_2347,PRO_24,REC_WAFER_899,OP_135
SIMTECH,RET_2348,PRO_24,REC_WAFER_48,OP_61
SIMTECH,RET_2349,PRO_24,REC_WAFER_899,OP_43
SIMTECH,RET_2350,PRO_24,REC_WAFER_899,OP_221
SIMTECH,RET_2351,PRO_24,REC_WAFER_899,OP_157
SIMTECH,RET_2352,PRO_24,REC_WAFER_896,OP_6
SIMTECH,RET_2353,PRO_24,REC_WAFER_899,OP_240
SIMTECH,RET_3371,PRO_29,REC_WAFER_48,OP_57
SIMTECH,RET_3372,PRO_29,REC_WAFER_48,OP_79
SIMTECH,RET_3373,PRO_29,REC_WAFER_899,OP_122
SIMTECH,RET_3374,PRO_29,REC_WAFER_899,OP_152
SIMTECH,RET_3375,PRO_29,REC_WAFER_48,OP_33
SIMTECH,RET_3376,PRO_29,REC_WAFER_48,OP_107
SIMTECH,RET_3378,PRO_29,REC_WAFER_899,OP_89
SIMTECH,RET_3379,PRO_29,REC_WAFER_896,OP_15
SIMTECH,RET_3380,PRO_28,REC_WAFER_48,OP_53
SIMTECH,RET_3381,PRO_28,REC_WAFER_48,OP_73
SIMTECH,RET_3382,PRO_28,REC_WAFER_899,OP_110
SIMTECH,RET_3383,PRO_28,REC_WAFER_899,OP_142
SIMTECH,RET_3384,PRO_28,REC_WAFER_48,OP_32
SIMTECH,RET_3385,PRO_28,REC_WAFER_48,OP_96
SIMTECH,RET_3386,PRO_28,REC_WAFER_899,OP_82
SIMTECH,RET_3387,PRO_28,REC_WAFER_896,OP_15
SIMTECH,RET_3388,PRO_28,REC_WAFER_652,OP_168
SIMTECH,RET_3389,PRO_28,REC_WAFER_89,OP_154
SIMTECH,RET_3604,PRO_8,REC_WAFER_899,OP_37
SIMTECH,RET_3605,PRO_8,REC_WAFER_899,OP_104
SIMTECH,RET_3606,PRO_8,REC_WAFER_51,OP_78
SIMTECH,RET_3607,PRO_8,REC_WAFER_51,OP_155
SIMTECH,RET_3608,PRO_8,REC_WAFER_899,OP_174
SIMTECH,RET_3609,PRO_8,REC_WAFER_899,OP_63
SIMTECH,RET_3610,PRO_8,REC_WAFER_899,OP_55
SIMTECH,RET_3611,PRO_8,REC_WAFER_896,OP_7
SIMTECH,RET_3612,PRO_8,REC_WAFER_902,OP_273
SIMTECH,RET_3613,PRO_8,REC_WAFER_899,OP_119
SIMTECH,RET_3614,PRO_8,REC_WAFER_899,OP_129
SIMTECH,RET_3615,PRO_8,REC_WAFER_51,OP_145
SIMTECH,RET_3616,PRO_8,REC_WAFER_899,OP_90
SIMTECH,RET_3617,PRO_8,REC_WAFER_899,OP_97
SIMTECH,RET_3618,PRO_8,REC_WAFER_899,OP_21
SIMTECH,RET_3619,PRO_8,REC_WAFER_899,OP_193
SIMTECH,RET_3620,PRO_8,REC_WAFER_899,OP_208
SIMTECH,RET_3621,PRO_8,REC_WAFER_48,OP_225
SIMTECH,RET_3622,PRO_8,REC_WAFER_48,OP_258
SIMTECH,RET_3623,PRO_8,REC_WAFER_899,OP_240
SIMTECH,RET_3699,PRO_16,REC_WAFER_899,OP_31
SIMTECH,RET_3700,PRO_16,REC_WAFER_899,OP_171
SIMTECH,RET_3701,PRO_16,REC_WAFER_899,OP_193
SIMTECH,RET_3702,PRO_16,REC_WAFER_899,OP_157
SIMTECH,RET_3703,PRO_16,REC_WAFER_899,OP_88
SIMTECH,RET_3704,PRO_16,REC_WAFER_899,OP_212
SIMTECH,RET_3705,PRO_16,REC_WAFER_896,OP_7
SIMTECH,RET_3706,PRO_16,REC_WAFER_899,OP_133
SIMTECH,RET_3707,PRO_16,REC_WAFER_899,OP_115
SIMTECH,RET_3708,PRO_16,REC_WAFER_899,OP_54
SIMTECH,RET_3709,PRO_16,REC_WAFER_899,OP_124
SIMTECH,RET_3710,PRO_16,REC_WAFER_899,OP_105
SIMTECH,RET_3711,PRO_16,REC_WAFER_899,OP_63
SIMTECH,RET_3712,PRO_16,REC_WAFER_899,OP_142
SIMTECH,RET_3713,PRO_16,REC_WAFER_899,OP_72
SIMTECH,RET_3714,PRO_16,REC_WAFER_899,OP_20
SIMTECH,RET_3715,PRO_16,REC_WAFER_902,OP_222
SIMTECH,RET_3750,PRO_17,REC_WAFER_899,OP_31
SIMTECH,RET_3751,PRO_17,REC_WAFER_899,OP_171
SIMTECH,RET_3752,PRO_17,REC_WAFER_899,OP_193
SIMTECH,RET_3753,PRO_17,REC_WAFER_899,OP_157
SIMTECH,RET_3754,PRO_17,REC_WAFER_899,OP_88
SIMTECH,RET_3755,PRO_17,REC_WAFER_899,OP_212
SIMTECH,RET_3756,PRO_17,REC_WAFER_896,OP_7
SIMTECH,RET_3757,PRO_17,REC_WAFER_899,OP_133
SIMTECH,RET_3758,PRO_17,REC_WAFER_899,OP_115
SIMTECH,RET_3759,PRO_17,REC_WAFER_899,OP_54
SIMTECH,RET_3760,PRO_17,REC_WAFER_899,OP_124
SIMTECH,RET_3761,PRO_17,REC_WAFER_899,OP_105
SIMTECH,RET_3762,PRO_17,REC_WAFER_899,OP_63
SIMTECH,RET_3763,PRO_17,REC_WAFER_899,OP_142
SIMTECH,RET_3764,PRO_17,REC_WAFER_899,OP_72
SIMTECH,RET_3765,PRO_17,REC_WAFER_899,OP_20
SIMTECH,RET_3766,PRO_17,REC_WAFER_902,OP_222
SIMTECH,RET_3796,PRO_4,REC_WAFER_896,OP_23
SIMTECH,RET_3797,PRO_4,REC_WAFER_48,OP_176
SIMTECH,RET_3798,PRO_4,REC_WAFER_51,OP_247
SIMTECH,RET_3799,PRO_4,REC_WAFER_899,OP_294
SIMTECH,RET_3800,PRO_4,REC_WAFER_48,OP_317
SIMTECH,RET_3801,PRO_4,REC_WAFER_899,OP_334
SIMTECH,RET_3802,PRO_4,REC_WAFER_51,OP_355
SIMTECH,RET_3803,PRO_4,REC_WAFER_899,OP_112
SIMTECH,RET_3804,PRO_4,REC_WAFER_51,OP_396
SIMTECH,RET_3805,PRO_4,REC_WAFER_899,OP_102
SIMTECH,RET_3806,PRO_4,REC_WAFER_902,OP_414
SIMTECH,RET_3807,PRO_4,REC_WAFER_899,OP_374
SIMTECH,RET_3808,PRO_4,REC_WAFER_899,OP_195
SIMTECH,RET_3809,PRO_4,REC_WAFER_899,OP_220
SIMTECH,RET_3810,PRO_4,REC_WAFER_899,OP_204
SIMTECH,RET_3811,PRO_4,REC_WAFER_899,OP_230
SIMTECH,RET_3812,PRO_4,REC_WAFER_899,OP_49
SIMTECH,RET_3813,PRO_4,REC_WAFER_48,OP_151
SIMTECH,RET_3814,PRO_4,REC_WAFER_48,OP_166
SIMTECH,RET_3815,PRO_4,REC_WAFER_48,OP_262
SIMTECH,RET_3816,PRO_4,REC_WAFER_899,OP_126
SIMTECH,RET_3817,PRO_4,REC_WAFER_899,OP_137
SIMTECH,RET_3818,PRO_3,REC_WAFER_896,OP_23
SIMTECH,RET_3819,PRO_3,REC_WAFER_899,OP_220
SIMTECH,RET_3820,PRO_3,REC_WAFER_48,OP_176
SIMTECH,RET_3821,PRO_3,REC_WAFER_51,OP_256
SIMTECH,RET_3822,PRO_3,REC_WAFER_899,OP_301
SIMTECH,RET_3823,PRO_3,REC_WAFER_48,OP_324
SIMTECH,RET_3824,PRO_3,REC_WAFER_899,OP_341
SIMTECH,RET_3825,PRO_3,REC_WAFER_54,OP_362
SIMTECH,RET_3826,PRO_3,REC_WAFER_899,OP_112
SIMTECH,RET_3827,PRO_3,REC_WAFER_51,OP_403
SIMTECH,RET_3828,PRO_3,REC_WAFER_899,OP_102
SIMTECH,RET_3829,PRO_3,REC_WAFER_902,OP_421
SIMTECH,RET_3830,PRO_3,REC_WAFER_899,OP_381
SIMTECH,RET_3831,PRO_3,REC_WAFER_899,OP_195
SIMTECH,RET_3832,PRO_3,REC_WAFER_899,OP_229
SIMTECH,RET_3833,PRO_3,REC_WAFER_899,OP_204
SIMTECH,RET_3834,PRO_3,REC_WAFER_899,OP_239
SIMTECH,RET_3835,PRO_3,REC_WAFER_899,OP_49
SIMTECH,RET_3836,PRO_3,REC_WAFER_48,OP_151
SIMTECH,RET_3837,PRO_3,REC_WAFER_48,OP_166
SIMTECH,RET_3838,PRO_3,REC_WAFER_48,OP_271
SIMTECH,RET_3839,PRO_3,REC_WAFER_899,OP_126
SIMTECH,RET_3840,PRO_3,REC_WAFER_899,OP_137
SIMTECH,RET_3956,PRO_1,REC_WAFER_899,OP_52
SIMTECH,RET_3956,PRO_2,REC_WAFER_899,OP_52
SIMTECH,RET_3957,PRO_1,REC_WAFER_899,OP_140
SIMTECH,RET_3957,PRO_2,REC_WAFER_899,OP_140
SIMTECH,RET_3958,PRO_1,REC_WAFER_51,OP_114
SIMTECH,RET_3958,PRO_2,REC_WAFER_51,OP_114
SIMTECH,RET_3959,PRO_1,REC_WAFER_51,OP_191
SIMTECH,RET_3959,PRO_2,REC_WAFER_51,OP_191
SIMTECH,RET_3960,PRO_1,REC_WAFER_899,OP_213
SIMTECH,RET_3961,PRO_1,REC_WAFER_899,OP_233
SIMTECH,RET_3962,PRO_1,REC_WAFER_899,OP_98
SIMTECH,RET_3962,PRO_2,REC_WAFER_899,OP_98
SIMTECH,RET_3963,PRO_1,REC_WAFER_899,OP_89
SIMTECH,RET_3963,PRO_2,REC_WAFER_899,OP_89
SIMTECH,RET_3964,PRO_1,REC_WAFER_899,OP_66
SIMTECH,RET_3964,PRO_2,REC_WAFER_899,OP_66
SIMTECH,RET_3965,PRO_1,REC_WAFER_899,OP_249
SIMTECH,RET_3966,PRO_1,REC_WAFER_48,OP_266
SIMTECH,RET_3967,PRO_1,REC_WAFER_896,OP_7
SIMTECH,RET_3967,PRO_2,REC_WAFER_896,OP_7
SIMTECH,RET_3968,PRO_1,REC_WAFER_899,OP_36
SIMTECH,RET_3968,PRO_2,REC_WAFER_899,OP_36
SIMTECH,RET_3969,PRO_1,REC_WAFER_899,OP_79
SIMTECH,RET_3969,PRO_2,REC_WAFER_899,OP_79
SIMTECH,RET_3970,PRO_1,REC_WAFER_48,OP_304
SIMTECH,RET_3970,PRO_2,REC_WAFER_48,OP_304
SIMTECH,RET_3971,PRO_1,REC_WAFER_902,OP_321
SIMTECH,RET_3971,PRO_2,REC_WAFER_902,OP_321
SIMTECH,RET_3972,PRO_1,REC_WAFER_899,OP_282
SIMTECH,RET_3972,PRO_2,REC_WAFER_899,OP_282
SIMTECH,RET_3973,PRO_1,REC_WAFER_899,OP_155
SIMTECH,RET_3973,PRO_2,REC_WAFER_899,OP_155
SIMTECH,RET_3974,PRO_1,REC_WAFER_899,OP_165
SIMTECH,RET_3974,PRO_2,REC_WAFER_899,OP_165
SIMTECH,RET_3975,PRO_1,REC_WAFER_51,OP_181
SIMTECH,RET_3975,PRO_2,REC_WAFER_51,OP_181
SIMTECH,RET_3976,PRO_1,REC_WAFER_899,OP_126
SIMTECH,RET_3976,PRO_2,REC_WAFER_899,OP_126
SIMTECH,RET_3977,PRO_1,REC_WAFER_899,OP_133
SIMTECH,RET_3977,PRO_2,REC_WAFER_899,OP_133
SIMTECH,RET_3978,PRO_1,REC_WAFER_899,OP_21
SIMTECH,RET_3978,PRO_2,REC_WAFER_899,OP_21
SIMTECH,RET_3979,PRO_2,REC_WAFER_899,OP_213
SIMTECH,RET_3980,PRO_2,REC_WAFER_899,OP_233
SIMTECH,RET_3982,PRO_2,REC_WAFER_899,OP_249
SIMTECH,RET_3984,PRO_2,REC_WAFER_48,OP_266
SIMTECH,RET_3988,PRO_20,REC_WAFER_896,OP_23
SIMTECH,RET_3988,PRO_21,REC_WAFER_896,OP_23
SIMTECH,RET_3989,PRO_20,REC_WAFER_48,OP_173
SIMTECH,RET_3989,PRO_21,REC_WAFER_48,OP_173
SIMTECH,RET_3990,PRO_20,REC_WAFER_51,OP_242
SIMTECH,RET_3990,PRO_21,REC_WAFER_51,OP_242
SIMTECH,RET_3991,PRO_20,REC_WAFER_899,OP_289
SIMTECH,RET_3991,PRO_21,REC_WAFER_899,OP_289
SIMTECH,RET_3992,PRO_20,REC_WAFER_48,OP_313
SIMTECH,RET_3992,PRO_21,REC_WAFER_48,OP_313
SIMTECH,RET_3993,PRO_20,REC_WAFER_899,OP_330
SIMTECH,RET_3993,PRO_21,REC_WAFER_899,OP_330
SIMTECH,RET_3994,PRO_20,REC_WAFER_899,OP_124
SIMTECH,RET_3994,PRO_21,REC_WAFER_899,OP_124
SIMTECH,RET_3995,PRO_20,REC_WAFER_899,OP_100
SIMTECH,RET_3995,PRO_21,REC_WAFER_899,OP_100
SIMTECH,RET_3996,PRO_20,REC_WAFER_899,OP_190
SIMTECH,RET_3996,PRO_21,REC_WAFER_899,OP_190
SIMTECH,RET_3997,PRO_20,REC_WAFER_899,OP_215
SIMTECH,RET_3997,PRO_21,REC_WAFER_899,OP_215
SIMTECH,RET_3998,PRO_20,REC_WAFER_899,OP_199
SIMTECH,RET_3998,PRO_21,REC_WAFER_899,OP_199
SIMTECH,RET_3999,PRO_20,REC_WAFER_899,OP_225
SIMTECH,RET_3999,PRO_21,REC_WAFER_899,OP_225
SIMTECH,RET_4000,PRO_20,REC_WAFER_899,OP_49
SIMTECH,RET_4000,PRO_21,REC_WAFER_899,OP_49
SIMTECH,RET_4001,PRO_20,REC_WAFER_48,OP_148
SIMTECH,RET_4001,PRO_21,REC_WAFER_48,OP_148
SIMTECH,RET_4002,PRO_20,REC_WAFER_48,OP_163
SIMTECH,RET_4002,PRO_21,REC_WAFER_48,OP_163
SIMTECH,RET_4003,PRO_20,REC_WAFER_48,OP_257
SIMTECH,RET_4003,PRO_21,REC_WAFER_48,OP_257
SIMTECH,RET_4004,PRO_20,REC_WAFER_899,OP_114
SIMTECH,RET_4004,PRO_21,REC_WAFER_899,OP_114
SIMTECH,RET_4005,PRO_20,REC_WAFER_899,OP_134
SIMTECH,RET_4005,PRO_21,REC_WAFER_899,OP_134
SIMTECH,RET_4205,PRO_7,REC_WAFER_899,OP_45
SIMTECH,RET_4206,PRO_7,REC_WAFER_899,OP_122
SIMTECH,RET_4207,PRO_7,REC_WAFER_51,OP_96
SIMTECH,RET_4208,PRO_7,REC_WAFER_51,OP_181
SIMTECH,RET_4209,PRO_7,REC_WAFER_899,OP_200
SIMTECH,RET_4210,PRO_7,REC_WAFER_899,OP_219
SIMTECH,RET_4211,PRO_7,REC_WAFER_899,OP_81
SIMTECH,RET_4212,PRO_7,REC_WAFER_899,OP_73
SIMTECH,RET_4213,PRO_7,REC_WAFER_899,OP_234
SIMTECH,RET_4214,PRO_7,REC_WAFER_48,OP_251
SIMTECH,RET_4215,PRO_7,REC_WAFER_896,OP_7
SIMTECH,RET_4216,PRO_7,REC_WAFER_48,OP_284
SIMTECH,RET_4217,PRO_7,REC_WAFER_902,OP_299
SIMTECH,RET_4218,PRO_7,REC_WAFER_899,OP_266
SIMTECH,RET_4219,PRO_7,REC_WAFER_899,OP_145
SIMTECH,RET_4220,PRO_7,REC_WAFER_899,OP_155
SIMTECH,RET_4221,PRO_7,REC_WAFER_51,OP_171
SIMTECH,RET_4222,PRO_7,REC_WAFER_899,OP_108
SIMTECH,RET_4223,PRO_7,REC_WAFER_899,OP_115
SIMTECH,RET_4224,PRO_7,REC_WAFER_899,OP_29
SIMTECH,RET_4225,PRO_7,REC_WAFER_899,OP_21
SIMTECH,RET_4226,PRO_7,REC_WAFER_899,OP_137
SIMTECH,RET_4257,PRO_15,REC_WAFER_8,OP_23
SIMTECH,RET_4257,PRO_15,REC_WAFER_8,OP_23
SIMTECH,RET_4257,PRO_15,REC_WAFER_8,OP_23
SIMTECH,RET_4257,PRO_15,REC_WAFER_8,OP_23
SIMTECH,RET_4258,PRO_15,REC_WAFER_575,OP_5
SIMTECH,RET_4259,PRO_15,REC_WAFER_8,OP_16
SIMTECH,RET_4259,PRO_15,REC_WAFER_8,OP_16
SIMTECH,RET_4259,PRO_15,REC_WAFER_8,OP_16
SIMTECH,RET_4259,PRO_15,REC_WAFER_8,OP_16
SIMTECH,RET_4262,PRO_14,REC_WAFER_8,OP_12
SIMTECH,RET_4262,PRO_14,REC_WAFER_8,OP_12
SIMTECH,RET_4262,PRO_14,REC_WAFER_8,OP_12
SIMTECH,RET_4262,PRO_14,REC_WAFER_8,OP_12
SIMTECH,RET_4263,PRO_14,REC_WAFER_8,OP_5
SIMTECH,RET_4263,PRO_14,REC_WAFER_8,OP_5
SIMTECH,RET_4263,PRO_14,REC_WAFER_8,OP_5
SIMTECH,RET_4263,PRO_14,REC_WAFER_8,OP_5
SIMTECH,RET_4291,PRO_13,REC_WAFER_899,OP_19
SIMTECH,RET_4292,PRO_13,REC_WAFER_899,OP_62
SIMTECH,RET_4293,PRO_13,REC_WAFER_899,OP_78
SIMTECH,RET_4294,PRO_13,REC_WAFER_899,OP_35
SIMTECH,RET_4295,PRO_13,REC_WAFER_896,OP_7
SIMTECH,RET_4658,PRO_30,REC_WAFER_48,OP_72
SIMTECH,RET_4659,PRO_30,REC_WAFER_899,OP_198
SIMTECH,RET_4660,PRO_30,REC_WAFER_899,OP_135
SIMTECH,RET_4661,PRO_30,REC_WAFER_899,OP_108
SIMTECH,RET_4662,PRO_30,REC_WAFER_51,OP_122
SIMTECH,RET_4663,PRO_30,REC_WAFER_899,OP_164
SIMTECH,RET_4664,PRO_30,REC_WAFER_899,OP_143
SIMTECH,RET_4665,PRO_30,REC_WAFER_899,OP_318
SIMTECH,RET_4666,PRO_30,REC_WAFER_899,OP_344
SIMTECH,RET_4667,PRO_30,REC_WAFER_51,OP_215
SIMTECH,RET_4668,PRO_30,REC_WAFER_899,OP_91
SIMTECH,RET_4669,PRO_30,REC_WAFER_899,OP_44
SIMTECH,RET_4670,PRO_30,REC_WAFER_899,OP_368
SIMTECH,RET_4671,PRO_30,REC_WAFER_48,OP_392
SIMTECH,RET_4672,PRO_30,REC_WAFER_899,OP_20
SIMTECH,RET_4673,PRO_30,REC_WAFER_896,OP_7
SIMTECH,RET_4674,PRO_30,REC_WAFER_899,OP_152
SIMTECH,RET_4675,PRO_30,REC_WAFER_899,OP_255
SIMTECH,RET_4676,PRO_30,REC_WAFER_899,OP_430
SIMTECH,RET_4677,PRO_30,REC_WAFER_899,OP_266
SIMTECH,RET_4678,PRO_30,REC_WAFER_899,OP_417
SIMTECH,RET_4679,PRO_30,REC_WAFER_902,OP_447
SIMTECH,RET_4680,PRO_30,REC_WAFER_899,OP_184
SIMTECH,RET_4681,PRO_30,REC_WAFER_899,OP_174
SIMTECH,RET_4682,PRO_30,REC_WAFER_899,OP_54
SIMTECH,RET_4683,PRO_30,REC_WAFER_899,OP_231
SIMTECH,RET_4684,PRO_30,REC_WAFER_899,OP_239
SIMTECH,RET_4685,PRO_30,REC_WAFER_899,OP_284
SIMTECH,RET_4686,PRO_30,REC_WAFER_51,OP_293
SIMTECH,RET_4720,PRO_6,REC_WAFER_899,OP_91
SIMTECH,RET_4721,PRO_6,REC_WAFER_899,OP_35
SIMTECH,RET_4722,PRO_6,REC_WAFER_899,OP_125
SIMTECH,RET_4723,PRO_6,REC_WAFER_899,OP_137
SIMTECH,RET_4724,PRO_6,REC_WAFER_899,OP_47
SIMTECH,RET_4725,PRO_6,REC_WAFER_899,OP_115
SIMTECH,RET_4726,PRO_6,REC_WAFER_902,OP_177
SIMTECH,RET_4727,PRO_6,REC_WAFER_899,OP_159
SIMTECH,RET_4728,PRO_6,REC_WAFER_896,OP_13
SIMTECH,RET_4729,PRO_6,REC_WAFER_899,OP_77
SIMTECH,RET_4730,PRO_6,REC_WAFER_899,OP_26
SIMTECH,RET_4731,PRO_6,REC_WAFER_899,OP_104
SIMTECH,RET_4830,PRO_5,REC_WAFER_899,OP_125
SIMTECH,RET_4831,PRO_5,REC_WAFER_899,OP_137
SIMTECH,RET_4832,PRO_5,REC_WAFER_899,OP_115
SIMTECH,RET_4833,PRO_5,REC_WAFER_899,OP_160
SIMTECH,RET_4834,PRO_5,REC_WAFER_899,OP_104
SIMTECH,RET_4835,PRO_5,REC_WAFER_899,OP_91
SIMTECH,RET_4836,PRO_5,REC_WAFER_899,OP_35
SIMTECH,RET_4837,PRO_5,REC_WAFER_899,OP_159
SIMTECH,RET_4840,PRO_5,REC_WAFER_899,OP_47
SIMTECH,RET_4842,PRO_5,REC_WAFER_902,OP_179
SIMTECH,RET_4844,PRO_5,REC_WAFER_896,OP_13
SIMTECH,RET_4845,PRO_5,REC_WAFER_899,OP_77
SIMTECH,RET_4846,PRO_5,REC_WAFER_899,OP_26
SIMTECH,RET_4848,PRO_5,REC_WAFER_92,OP_178
SIMTECH,RET_5077,PRO_32,REC_WAFER_48,OP_71
SIMTECH,RET_5078,PRO_32,REC_WAFER_899,OP_187
SIMTECH,RET_5079,PRO_32,REC_WAFER_899,OP_134
SIMTECH,RET_5080,PRO_32,REC_WAFER_899,OP_107
SIMTECH,RET_5081,PRO_32,REC_WAFER_48,OP_121
SIMTECH,RET_5082,PRO_32,REC_WAFER_899,OP_153
SIMTECH,RET_5083,PRO_32,REC_WAFER_899,OP_142
SIMTECH,RET_5084,PRO_32,REC_WAFER_899,OP_308
SIMTECH,RET_5085,PRO_32,REC_WAFER_899,OP_334
SIMTECH,RET_5086,PRO_32,REC_WAFER_51,OP_205
SIMTECH,RET_5087,PRO_32,REC_WAFER_899,OP_91
SIMTECH,RET_5088,PRO_32,REC_WAFER_899,OP_43
SIMTECH,RET_5089,PRO_32,REC_WAFER_42,OP_432
SIMTECH,RET_5090,PRO_32,REC_WAFER_899,OP_410
SIMTECH,RET_5091,PRO_32,REC_WAFER_899,OP_358
SIMTECH,RET_5092,PRO_32,REC_WAFER_48,OP_382
SIMTECH,RET_5093,PRO_32,REC_WAFER_899,OP_20
SIMTECH,RET_5094,PRO_32,REC_WAFER_896,OP_7
SIMTECH,RET_5095,PRO_32,REC_WAFER_899,OP_245
SIMTECH,RET_5096,PRO_32,REC_WAFER_899,OP_256
SIMTECH,RET_5097,PRO_32,REC_WAFER_45,OP_467
SIMTECH,RET_5098,PRO_32,REC_WAFER_899,OP_173
SIMTECH,RET_5099,PRO_32,REC_WAFER_899,OP_163
SIMTECH,RET_5100,PRO_32,REC_WAFER_899,OP_53
SIMTECH,RET_5101,PRO_32,REC_WAFER_899,OP_222
SIMTECH,RET_5102,PRO_32,REC_WAFER_899,OP_230
SIMTECH,RET_5103,PRO_32,REC_WAFER_899,OP_274
SIMTECH,RET_5104,PRO_32,REC_WAFER_48,OP_283
SIMTECH,RET_5105,PRO_34,REC_WAFER_896,OP_22
SIMTECH,RET_5106,PRO_34,REC_WAFER_899,OP_35
SIMTECH,RET_5107,PRO_34,REC_WAFER_899,OP_81
SIMTECH,RET_5108,PRO_34,REC_WAFER_899,OP_174
SIMTECH,RET_5109,PRO_34,REC_WAFER_899,OP_152
SIMTECH,RET_5110,PRO_34,REC_WAFER_899,OP_163
SIMTECH,RET_5111,PRO_34,REC_WAFER_899,OP_335
SIMTECH,RET_5112,PRO_34,REC_WAFER_48,OP_235
SIMTECH,RET_5113,PRO_34,REC_WAFER_899,OP_221
SIMTECH,RET_5114,PRO_34,REC_WAFER_48,OP_302
SIMTECH,RET_5115,PRO_34,REC_WAFER_899,OP_53
SIMTECH,RET_5118,PRO_34,REC_WAFER_42,OP_468
SIMTECH,RET_5120,PRO_34,REC_WAFER_899,OP_446
SIMTECH,RET_5121,PRO_34,REC_WAFER_899,OP_371
SIMTECH,RET_5123,PRO_34,REC_WAFER_63,OP_389
SIMTECH,RET_5125,PRO_34,REC_WAFER_899,OP_280
SIMTECH,RET_5128,PRO_34,REC_WAFER_63,OP_425
SIMTECH,RET_5129,PRO_34,REC_WAFER_899,OP_290
SIMTECH,RET_5130,PRO_34,REC_WAFER_899,OP_407
SIMTECH,RET_5132,PRO_34,REC_WAFER_899,OP_95
SIMTECH,RET_5133,PRO_34,REC_WAFER_45,OP_502
SIMTECH,RET_5134,PRO_34,REC_WAFER_899,OP_197
SIMTECH,RET_5135,PRO_34,REC_WAFER_899,OP_186
SIMTECH,RET_5136,PRO_34,REC_WAFER_899,OP_206
SIMTECH,RET_5137,PRO_34,REC_WAFER_899,OP_69
SIMTECH,RET_5138,PRO_34,REC_WAFER_899,OP_254
SIMTECH,RET_5139,PRO_34,REC_WAFER_899,OP_263
SIMTECH,RET_5140,PRO_34,REC_WAFER_60,OP_469
SIMTECH,RET_5265,PRO_33,REC_WAFER_48,OP_71
SIMTECH,RET_5266,PRO_33,REC_WAFER_899,OP_195
SIMTECH,RET_5267,PRO_33,REC_WAFER_899,OP_134
SIMTECH,RET_5268,PRO_33,REC_WAFER_899,OP_107
SIMTECH,RET_5269,PRO_33,REC_WAFER_48,OP_121
SIMTECH,RET_5270,PRO_33,REC_WAFER_899,OP_161
SIMTECH,RET_5271,PRO_33,REC_WAFER_899,OP_142
SIMTECH,RET_5272,PRO_33,REC_WAFER_899,OP_317
SIMTECH,RET_5273,PRO_33,REC_WAFER_899,OP_343
SIMTECH,RET_5274,PRO_33,REC_WAFER_51,OP_213
SIMTECH,RET_5275,PRO_33,REC_WAFER_899,OP_91
SIMTECH,RET_5276,PRO_33,REC_WAFER_899,OP_43
SIMTECH,RET_5277,PRO_33,REC_WAFER_57,OP_485
SIMTECH,RET_5278,PRO_33,REC_WAFER_899,OP_463
SIMTECH,RET_5279,PRO_33,REC_WAFER_899,OP_366
SIMTECH,RET_5280,PRO_33,REC_WAFER_48,OP_390
SIMTECH,RET_5281,PRO_33,REC_WAFER_899,OP_20
SIMTECH,RET_5282,PRO_33,REC_WAFER_896,OP_7
SIMTECH,RET_5283,PRO_33,REC_WAFER_899,OP_150
SIMTECH,RET_5284,PRO_33,REC_WAFER_899,OP_253
SIMTECH,RET_5285,PRO_33,REC_WAFER_48,OP_436
SIMTECH,RET_5286,PRO_33,REC_WAFER_899,OP_264
SIMTECH,RET_5287,PRO_33,REC_WAFER_899,OP_412
SIMTECH,RET_5288,PRO_33,REC_WAFER_45,OP_521
SIMTECH,RET_5289,PRO_33,REC_WAFER_899,OP_181
SIMTECH,RET_5290,PRO_33,REC_WAFER_899,OP_171
SIMTECH,RET_5291,PRO_33,REC_WAFER_899,OP_53
SIMTECH,RET_5292,PRO_33,REC_WAFER_899,OP_230
SIMTECH,RET_5293,PRO_33,REC_WAFER_899,OP_238
SIMTECH,RET_5294,PRO_33,REC_WAFER_899,OP_282
SIMTECH,RET_5295,PRO_33,REC_WAFER_48,OP_291
SIMTECH,RET_5296,PRO_33,REC_WAFER_60,OP_486
SIMTECH,RET_5418,PRO_10,REC_WAFER_896,OP_6
SIMTECH,RET_5419,PRO_10,REC_WAFER_899,OP_50
SIMTECH,RET_5420,PRO_10,REC_WAFER_899,OP_38
SIMTECH,RET_5421,PRO_10,REC_WAFER_899,OP_77
SIMTECH,RET_5422,PRO_10,REC_WAFER_899,OP_111
SIMTECH,RET_5423,PRO_10,REC_WAFER_899,OP_126
SIMTECH,RET_5424,PRO_10,REC_WAFER_48,OP_140
SIMTECH,RET_5425,PRO_10,REC_WAFER_899,OP_161
SIMTECH,RET_5426,PRO_10,REC_WAFER_899,OP_191
SIMTECH,RET_5427,PRO_10,REC_WAFER_899,OP_96
SIMTECH,RET_5428,PRO_10,REC_WAFER_899,OP_18
SIMTECH,RET_5429,PRO_10,REC_WAFER_899,OP_67
SIMTECH,RET_5430,PRO_10,REC_WAFER_48,OP_173
SIMTECH,RET_5431,PRO_10,REC_WAFER_902,OP_198
SIMTECH,RET_5729,PRO_35,REC_WAFER_896,OP_22
SIMTECH,RET_5730,PRO_35,REC_WAFER_899,OP_35
SIMTECH,RET_5731,PRO_35,REC_WAFER_899,OP_81
SIMTECH,RET_5732,PRO_35,REC_WAFER_899,OP_174
SIMTECH,RET_5733,PRO_35,REC_WAFER_899,OP_152
SIMTECH,RET_5734,PRO_35,REC_WAFER_899,OP_163
SIMTECH,RET_5735,PRO_35,REC_WAFER_899,OP_335
SIMTECH,RET_5736,PRO_35,REC_WAFER_48,OP_235
SIMTECH,RET_5737,PRO_35,REC_WAFER_899,OP_221
SIMTECH,RET_5738,PRO_35,REC_WAFER_48,OP_302
SIMTECH,RET_5739,PRO_35,REC_WAFER_899,OP_53
SIMTECH,RET_5742,PRO_35,REC_WAFER_899,OP_371
SIMTECH,RET_5743,PRO_35,REC_WAFER_63,OP_389
SIMTECH,RET_5744,PRO_35,REC_WAFER_899,OP_280
SIMTECH,RET_5745,PRO_35,REC_WAFER_63,OP_425
SIMTECH,RET_5747,PRO_35,REC_WAFER_899,OP_290
SIMTECH,RET_5748,PRO_35,REC_WAFER_899,OP_407
SIMTECH,RET_5749,PRO_35,REC_WAFER_899,OP_95
SIMTECH,RET_5751,PRO_35,REC_WAFER_899,OP_197
SIMTECH,RET_5752,PRO_35,REC_WAFER_899,OP_186
SIMTECH,RET_5753,PRO_35,REC_WAFER_899,OP_206
SIMTECH,RET_5754,PRO_35,REC_WAFER_899,OP_69
SIMTECH,RET_5755,PRO_35,REC_WAFER_899,OP_254
SIMTECH,RET_5756,PRO_35,REC_WAFER_899,OP_263
SIMTECH,RET_5931,PRO_9,REC_WAFER_899,OP_65
SIMTECH,RET_5932,PRO_9,REC_WAFER_896,OP_6
SIMTECH,RET_5933,PRO_9,REC_WAFER_899,OP_46
SIMTECH,RET_5934,PRO_9,REC_WAFER_899,OP_35
SIMTECH,RET_5935,PRO_9,REC_WAFER_899,OP_98
SIMTECH,RET_5936,PRO_9,REC_WAFER_899,OP_113
SIMTECH,RET_5937,PRO_9,REC_WAFER_48,OP_127
SIMTECH,RET_5938,PRO_9,REC_WAFER_899,OP_148
SIMTECH,RET_5939,PRO_9,REC_WAFER_899,OP_176
SIMTECH,RET_5940,PRO_9,REC_WAFER_899,OP_16
SIMTECH,RET_5941,PRO_9,REC_WAFER_48,OP_159
SIMTECH,RET_5942,PRO_9,REC_WAFER_902,OP_183
SIMTECH,RET_6222,PRO_31,REC_WAFER_48,OP_65
SIMTECH,RET_6223,PRO_31,REC_WAFER_899,OP_172
SIMTECH,RET_6224,PRO_31,REC_WAFER_899,OP_124
SIMTECH,RET_6225,PRO_31,REC_WAFER_899,OP_98
SIMTECH,RET_6226,PRO_31,REC_WAFER_51,OP_112
SIMTECH,RET_6227,PRO_31,REC_WAFER_899,OP_140
SIMTECH,RET_6228,PRO_31,REC_WAFER_899,OP_131
SIMTECH,RET_6229,PRO_31,REC_WAFER_899,OP_284
SIMTECH,RET_6230,PRO_31,REC_WAFER_899,OP_309
SIMTECH,RET_6232,PRO_31,REC_WAFER_51,OP_188
SIMTECH,RET_6233,PRO_31,REC_WAFER_899,OP_83
SIMTECH,RET_6234,PRO_31,REC_WAFER_899,OP_41
SIMTECH,RET_6235,PRO_31,REC_WAFER_899,OP_331
SIMTECH,RET_6237,PRO_31,REC_WAFER_48,OP_354
SIMTECH,RET_6239,PRO_31,REC_WAFER_899,OP_19
SIMTECH,RET_6240,PRO_31,REC_WAFER_896,OP_7
SIMTECH,RET_6241,PRO_31,REC_WAFER_899,OP_225
SIMTECH,RET_6242,PRO_31,REC_WAFER_899,OP_391
SIMTECH,RET_6243,PRO_31,REC_WAFER_899,OP_234
SIMTECH,RET_6244,PRO_31,REC_WAFER_899,OP_379
SIMTECH,RET_6245,PRO_31,REC_WAFER_902,OP_407
SIMTECH,RET_6246,PRO_31,REC_WAFER_899,OP_158
SIMTECH,RET_6247,PRO_31,REC_WAFER_899,OP_149
SIMTECH,RET_6248,PRO_31,REC_WAFER_899,OP_50
SIMTECH,RET_6249,PRO_31,REC_WAFER_899,OP_204
SIMTECH,RET_6250,PRO_31,REC_WAFER_899,OP_211
SIMTECH,RET_6251,PRO_31,REC_WAFER_899,OP_251
SIMTECH,RET_6252,PRO_31,REC_WAFER_51,OP_259
