FAB,EQPT_ID,CHAMBER,ORDER_NUMBER
SIMTECH,EQ_WAFER_132,A,1
SIMTECH,EQ_WAFER_132,B,2
SIMTECH,EQ_WAFER_519,A,1
SIMTECH,EQ_WAFER_519,B,2
SIMTECH,EQ_WAFER_519,C,3
SIMTECH,EQ_WAFER_519,D,4
SIMTECH,EQ_WAFER_520,A,1
SIMTECH,EQ_WAFER_520,B,2
SIMTECH,EQ_WAFER_520,C,3
SIMTECH,EQ_WAFER_520,D,4
SIMTECH,EQ_WAFER_117,E,1
SIMTECH,EQ_WAFER_117,1,2
SIMTECH,EQ_WAFER_117,2,3
SIMTECH,EQ_WAFER_117,3,4
SIMTECH,EQ_WAFER_117,4,5
SIMTECH,EQ_WAFER_117,5,6
SIMTECH,EQ_WAFER_117,T,7
SIMTECH,EQ_WAFER_118,E,1
SIMTECH,EQ_WAFER_118,1,2
SIMTECH,EQ_WAFER_118,2,3
SIMTECH,EQ_WAFER_118,3,4
SIMTECH,EQ_WAFER_118,4,5
SIMTECH,EQ_WAFER_118,5,6
SIMTECH,EQ_WAFER_118,T,7
SIMTECH,EQ_WAFER_366,A,1
SIMTECH,EQ_WAFER_366,B,2
SIMTECH,EQ_WAFER_366,C,3
SIMTECH,EQ_WAFER_366,D,4
SIMTECH,EQ_WAFER_366,S,5
SIMTECH,EQ_WAFER_367,A,1
SIMTECH,EQ_WAFER_367,B,2
SIMTECH,EQ_WAFER_367,C,3
SIMTECH,EQ_WAFER_367,D,4
SIMTECH,EQ_WAFER_367,S,5
SIMTECH,EQ_WAFER_490,A,1
SIMTECH,EQ_WAFER_490,B,2
SIMTECH,EQ_WAFER_490,C,3
SIMTECH,EQ_WAFER_491,A,1
SIMTECH,EQ_WAFER_491,B,2
SIMTECH,EQ_WAFER_491,C,3
SIMTECH,EQ_WAFER_207,A,1
SIMTECH,EQ_WAFER_207,B,2
SIMTECH,EQ_WAFER_207,C,3
SIMTECH,EQ_WAFER_208,A,1
SIMTECH,EQ_WAFER_208,B,2
SIMTECH,EQ_WAFER_208,C,3
SIMTECH,EQ_WAFER_103,A,1
SIMTECH,EQ_WAFER_103,B,2
SIMTECH,EQ_WAFER_103,C,3
SIMTECH,EQ_WAFER_104,A,1
SIMTECH,EQ_WAFER_104,B,2
SIMTECH,EQ_WAFER_104,C,3
SIMTECH,EQ_WAFER_105,A,1
SIMTECH,EQ_WAFER_105,B,2
SIMTECH,EQ_WAFER_105,C,3
SIMTECH,EQ_WAFER_106,A,1
SIMTECH,EQ_WAFER_106,B,2
SIMTECH,EQ_WAFER_106,C,3
SIMTECH,EQ_WAFER_107,A,1
SIMTECH,EQ_WAFER_107,B,2
SIMTECH,EQ_WAFER_107,C,3
SIMTECH,EQ_WAFER_108,A,1
SIMTECH,EQ_WAFER_108,B,2
SIMTECH,EQ_WAFER_108,C,3
SIMTECH,EQ_WAFER_109,A,1
SIMTECH,EQ_WAFER_109,B,2
SIMTECH,EQ_WAFER_109,C,3
SIMTECH,EQ_WAFER_110,A,1
SIMTECH,EQ_WAFER_110,B,2
SIMTECH,EQ_WAFER_110,C,3
SIMTECH,EQ_WAFER_111,A,1
SIMTECH,EQ_WAFER_111,B,2
SIMTECH,EQ_WAFER_111,C,3
SIMTECH,EQ_WAFER_112,A,1
SIMTECH,EQ_WAFER_112,B,2
SIMTECH,EQ_WAFER_112,C,3
SIMTECH,EQ_WAFER_373,1,1
SIMTECH,EQ_WAFER_373,2,2
SIMTECH,EQ_WAFER_373,3,3
SIMTECH,EQ_WAFER_373,4,4
SIMTECH,EQ_WAFER_373,5,5
SIMTECH,EQ_WAFER_374,1,1
SIMTECH,EQ_WAFER_374,2,2
SIMTECH,EQ_WAFER_374,3,3
SIMTECH,EQ_WAFER_374,4,4
SIMTECH,EQ_WAFER_374,5,5
SIMTECH,EQ_WAFER_375,1,1
SIMTECH,EQ_WAFER_375,2,2
SIMTECH,EQ_WAFER_375,3,3
SIMTECH,EQ_WAFER_375,4,4
SIMTECH,EQ_WAFER_375,5,5
SIMTECH,EQ_WAFER_241,L,1
SIMTECH,EQ_WAFER_241,R,2
SIMTECH,EQ_WAFER_242,L,1
SIMTECH,EQ_WAFER_242,R,2
SIMTECH,EQ_WAFER_243,L,1
SIMTECH,EQ_WAFER_243,R,2
SIMTECH,EQ_WAFER_244,L,1
SIMTECH,EQ_WAFER_244,R,2
SIMTECH,EQ_WAFER_245,L,1
SIMTECH,EQ_WAFER_245,R,2
SIMTECH,EQ_WAFER_672,1,1
SIMTECH,EQ_WAFER_672,2,2
SIMTECH,EQ_WAFER_673,1,1
SIMTECH,EQ_WAFER_673,2,2
SIMTECH,EQ_WAFER_42,1,1
SIMTECH,EQ_WAFER_42,2,2
SIMTECH,EQ_WAFER_42,3,3
SIMTECH,EQ_WAFER_42,4,4
SIMTECH,EQ_LOT_76,A,1
SIMTECH,EQ_LOT_76,B,2
SIMTECH,EQ_LOT_76,C,3
SIMTECH,EQ_LOT_76,D,4
SIMTECH,EQ_LOT_76,E,5
SIMTECH,EQ_LOT_76,F,6
SIMTECH,EQ_LOT_77,A,1
SIMTECH,EQ_LOT_77,B,2
SIMTECH,EQ_LOT_77,C,3
SIMTECH,EQ_LOT_77,D,4
SIMTECH,EQ_LOT_77,E,5
SIMTECH,EQ_LOT_77,F,6
SIMTECH,EQ_WAFER_247,A,1
SIMTECH,EQ_WAFER_247,B,2
SIMTECH,EQ_WAFER_247,C,3
SIMTECH,EQ_WAFER_246,A,1
SIMTECH,EQ_WAFER_246,B,2
SIMTECH,EQ_WAFER_246,C,3
SIMTECH,EQ_WAFER_446,2,1
SIMTECH,EQ_WAFER_446,3,2
SIMTECH,EQ_WAFER_446,4,3
SIMTECH,EQ_WAFER_446,5,4
SIMTECH,EQ_WAFER_447,2,1
SIMTECH,EQ_WAFER_447,3,2
SIMTECH,EQ_WAFER_447,4,3
SIMTECH,EQ_WAFER_447,5,4
SIMTECH,EQ_WAFER_448,2,1
SIMTECH,EQ_WAFER_448,3,2
SIMTECH,EQ_WAFER_448,4,3
SIMTECH,EQ_WAFER_448,5,4
SIMTECH,EQ_WAFER_449,2,1
SIMTECH,EQ_WAFER_449,3,2
SIMTECH,EQ_WAFER_449,4,3
SIMTECH,EQ_WAFER_449,5,4
SIMTECH,EQ_WAFER_450,2,1
SIMTECH,EQ_WAFER_450,3,2
SIMTECH,EQ_WAFER_450,4,3
SIMTECH,EQ_WAFER_450,5,4
SIMTECH,EQ_WAFER_298,1,1
SIMTECH,EQ_WAFER_298,3,2
SIMTECH,EQ_WAFER_287,A,1
SIMTECH,EQ_WAFER_287,B,2
SIMTECH,EQ_WAFER_287,C,3
SIMTECH,EQ_WAFER_287,D,4
SIMTECH,EQ_WAFER_287,E,5
SIMTECH,EQ_WAFER_287,F,6
SIMTECH,EQ_WAFER_133,1,1
SIMTECH,EQ_WAFER_133,1,2
SIMTECH,EQ_WAFER_133,C,3
SIMTECH,EQ_WAFER_133,1,4
SIMTECH,EQ_WAFER_133,2,5
SIMTECH,EQ_WAFER_57,A,1
SIMTECH,EQ_WAFER_57,B,2
SIMTECH,EQ_WAFER_57,C,3
SIMTECH,EQ_WAFER_517,A,1
SIMTECH,EQ_WAFER_517,B,2
SIMTECH,EQ_WAFER_517,C,3
SIMTECH,EQ_WAFER_517,D,4
SIMTECH,EQ_WAFER_518,A,1
SIMTECH,EQ_WAFER_518,B,2
SIMTECH,EQ_WAFER_518,C,3
SIMTECH,EQ_WAFER_518,D,4
SIMTECH,EQ_WAFER_412,1,1
SIMTECH,EQ_WAFER_619,A,1
SIMTECH,EQ_WAFER_619,B,2
SIMTECH,EQ_WAFER_619,C,3
SIMTECH,EQ_WAFER_619,D,4
SIMTECH,EQ_WAFER_619,S,5
SIMTECH,EQ_WAFER_619,T,6
SIMTECH,EQ_WAFER_620,A,1
SIMTECH,EQ_WAFER_620,B,2
SIMTECH,EQ_WAFER_620,S,3
SIMTECH,EQ_WAFER_620,T,4
SIMTECH,EQ_WAFER_414,1,1
SIMTECH,EQ_WAFER_414,2,2
SIMTECH,EQ_WAFER_445,1,1
SIMTECH,EQ_WAFER_445,2,2
SIMTECH,EQ_WAFER_445,3,3
SIMTECH,EQ_WAFER_445,4,4
SIMTECH,EQ_WAFER_85,A,1
SIMTECH,EQ_WAFER_85,B,2
SIMTECH,EQ_WAFER_85,C,3
SIMTECH,EQ_WAFER_69,A,1
SIMTECH,EQ_WAFER_69,B,2
SIMTECH,EQ_WAFER_69,C,3
SIMTECH,EQ_WAFER_70,A,1
SIMTECH,EQ_WAFER_70,B,2
SIMTECH,EQ_WAFER_70,C,3
SIMTECH,EQ_WAFER_71,A,1
SIMTECH,EQ_WAFER_71,B,2
SIMTECH,EQ_WAFER_71,C,3
SIMTECH,EQ_WAFER_72,A,1
SIMTECH,EQ_WAFER_72,B,2
SIMTECH,EQ_WAFER_72,C,3
SIMTECH,EQ_WAFER_73,A,1
SIMTECH,EQ_WAFER_73,B,2
SIMTECH,EQ_WAFER_73,C,3
SIMTECH,EQ_WAFER_74,A,1
SIMTECH,EQ_WAFER_74,B,2
SIMTECH,EQ_WAFER_74,C,3
SIMTECH,EQ_WAFER_75,A,1
SIMTECH,EQ_WAFER_75,B,2
SIMTECH,EQ_WAFER_75,C,3
SIMTECH,EQ_WAFER_86,A,1
SIMTECH,EQ_WAFER_86,B,2
SIMTECH,EQ_WAFER_76,A,1
SIMTECH,EQ_WAFER_76,B,2
SIMTECH,EQ_WAFER_76,C,3
SIMTECH,EQ_WAFER_77,A,1
SIMTECH,EQ_WAFER_77,B,2
SIMTECH,EQ_WAFER_77,C,3
SIMTECH,EQ_WAFER_78,A,1
SIMTECH,EQ_WAFER_78,B,2
SIMTECH,EQ_WAFER_78,C,3
SIMTECH,EQ_WAFER_79,A,1
SIMTECH,EQ_WAFER_79,B,2
SIMTECH,EQ_WAFER_79,C,3
SIMTECH,EQ_WAFER_80,A,1
SIMTECH,EQ_WAFER_80,B,2
SIMTECH,EQ_WAFER_80,C,3
SIMTECH,EQ_WAFER_81,A,1
SIMTECH,EQ_WAFER_81,B,2
SIMTECH,EQ_WAFER_81,C,3
SIMTECH,EQ_WAFER_82,A,1
SIMTECH,EQ_WAFER_82,B,2
SIMTECH,EQ_WAFER_82,C,3
SIMTECH,EQ_WAFER_83,A,1
SIMTECH,EQ_WAFER_83,B,2
SIMTECH,EQ_WAFER_83,C,3
SIMTECH,EQ_WAFER_84,A,1
SIMTECH,EQ_WAFER_84,B,2
SIMTECH,EQ_WAFER_84,C,3
SIMTECH,EQ_WAFER_87,A,1
SIMTECH,EQ_WAFER_87,B,2
SIMTECH,EQ_WAFER_87,C,3
SIMTECH,EQ_WAFER_44,A,1
SIMTECH,EQ_WAFER_44,B,2
SIMTECH,EQ_WAFER_44,C,3
SIMTECH,EQ_WAFER_45,A,1
SIMTECH,EQ_WAFER_45,B,2
SIMTECH,EQ_WAFER_45,C,3
SIMTECH,EQ_WAFER_46,A,1
SIMTECH,EQ_WAFER_46,B,2
SIMTECH,EQ_WAFER_46,C,3
SIMTECH,EQ_WAFER_47,A,1
SIMTECH,EQ_WAFER_47,B,2
SIMTECH,EQ_WAFER_47,C,3
SIMTECH,EQ_WAFER_48,A,1
SIMTECH,EQ_WAFER_48,B,2
SIMTECH,EQ_WAFER_48,C,3
SIMTECH,EQ_WAFER_49,A,1
SIMTECH,EQ_WAFER_49,B,2
SIMTECH,EQ_WAFER_49,C,3
SIMTECH,EQ_WAFER_50,A,1
SIMTECH,EQ_WAFER_50,B,2
SIMTECH,EQ_WAFER_50,C,3
SIMTECH,EQ_WAFER_51,A,1
SIMTECH,EQ_WAFER_51,B,2
SIMTECH,EQ_WAFER_51,C,3
SIMTECH,EQ_WAFER_52,A,1
SIMTECH,EQ_WAFER_52,B,2
SIMTECH,EQ_WAFER_52,C,3
SIMTECH,EQ_WAFER_53,A,1
SIMTECH,EQ_WAFER_53,B,2
SIMTECH,EQ_WAFER_53,C,3
SIMTECH,EQ_WAFER_54,A,1
SIMTECH,EQ_WAFER_54,B,2
SIMTECH,EQ_WAFER_54,C,3
SIMTECH,EQ_WAFER_54,D,4
SIMTECH,EQ_WAFER_55,A,1
SIMTECH,EQ_WAFER_55,B,2
SIMTECH,EQ_WAFER_55,C,3
SIMTECH,EQ_WAFER_55,D,4
SIMTECH,EQ_WAFER_56,A,1
SIMTECH,EQ_WAFER_56,B,2
SIMTECH,EQ_WAFER_56,C,3
SIMTECH,EQ_WAFER_56,D,4
SIMTECH,EQ_WAFER_271,1,1
SIMTECH,EQ_WAFER_271,2,2
SIMTECH,EQ_WAFER_272,1,1
SIMTECH,EQ_WAFER_272,2,2
SIMTECH,EQ_WAFER_273,1,1
SIMTECH,EQ_WAFER_273,2,2
SIMTECH,EQ_WAFER_274,1,1
SIMTECH,EQ_WAFER_274,2,2
SIMTECH,EQ_WAFER_299,1,1
SIMTECH,EQ_WAFER_299,2,2
SIMTECH,EQ_WAFER_299,3,3
SIMTECH,EQ_WAFER_300,1,1
SIMTECH,EQ_WAFER_300,2,2
SIMTECH,EQ_WAFER_300,3,3
SIMTECH,EQ_WAFER_300,4,4
SIMTECH,EQ_WAFER_301,2,1
SIMTECH,EQ_WAFER_301,3,2
SIMTECH,EQ_WAFER_301,4,3
SIMTECH,EQ_WAFER_302,1,1
SIMTECH,EQ_WAFER_302,2,2
SIMTECH,EQ_WAFER_302,3,3
SIMTECH,EQ_WAFER_302,4,4
SIMTECH,EQ_WAFER_303,1,1
SIMTECH,EQ_WAFER_303,2,2
SIMTECH,EQ_WAFER_303,3,3
SIMTECH,EQ_WAFER_304,1,1
SIMTECH,EQ_WAFER_304,3,2
SIMTECH,EQ_WAFER_304,4,3
SIMTECH,EQ_WAFER_305,1,1
SIMTECH,EQ_WAFER_305,2,2
SIMTECH,EQ_WAFER_305,3,3
SIMTECH,EQ_WAFER_305,4,4
SIMTECH,EQ_WAFER_651,1,1
SIMTECH,EQ_WAFER_651,2,2
SIMTECH,EQ_WAFER_651,3,3
SIMTECH,EQ_WAFER_651,4,4
SIMTECH,EQ_WAFER_652,1,1
SIMTECH,EQ_WAFER_652,2,2
SIMTECH,EQ_WAFER_652,3,3
SIMTECH,EQ_WAFER_652,4,4
SIMTECH,EQ_WAFER_653,1,1
SIMTECH,EQ_WAFER_653,2,2
SIMTECH,EQ_WAFER_653,3,3
SIMTECH,EQ_WAFER_653,4,4
SIMTECH,EQ_WAFER_28,1,1
SIMTECH,EQ_WAFER_28,3,2
SIMTECH,EQ_WAFER_28,4,3
SIMTECH,EQ_WAFER_29,1,1
SIMTECH,EQ_WAFER_29,3,2
SIMTECH,EQ_WAFER_29,4,3
SIMTECH,EQ_WAFER_30,1,1
SIMTECH,EQ_WAFER_30,3,2
SIMTECH,EQ_WAFER_30,4,3
SIMTECH,EQ_WAFER_31,1,1
SIMTECH,EQ_WAFER_31,3,2
SIMTECH,EQ_WAFER_31,4,3
SIMTECH,EQ_WAFER_32,1,1
SIMTECH,EQ_WAFER_32,3,2
SIMTECH,EQ_WAFER_32,4,3
SIMTECH,EQ_WAFER_33,1,1
SIMTECH,EQ_WAFER_33,3,2
SIMTECH,EQ_WAFER_33,4,3
SIMTECH,EQ_WAFER_34,1,1
SIMTECH,EQ_WAFER_34,3,2
SIMTECH,EQ_WAFER_34,4,3
SIMTECH,EQ_WAFER_35,1,1
SIMTECH,EQ_WAFER_35,3,2
SIMTECH,EQ_WAFER_35,4,3
SIMTECH,EQ_WAFER_36,1,1
SIMTECH,EQ_WAFER_36,3,2
SIMTECH,EQ_WAFER_36,4,3
SIMTECH,EQ_WAFER_37,1,1
SIMTECH,EQ_WAFER_37,3,2
SIMTECH,EQ_WAFER_37,4,3
SIMTECH,EQ_WAFER_38,1,1
SIMTECH,EQ_WAFER_38,3,2
SIMTECH,EQ_WAFER_38,4,3
SIMTECH,EQ_WAFER_39,1,1
SIMTECH,EQ_WAFER_39,3,2
SIMTECH,EQ_WAFER_39,4,3
SIMTECH,EQ_WAFER_40,1,1
SIMTECH,EQ_WAFER_40,2,2
SIMTECH,EQ_WAFER_40,3,3
SIMTECH,EQ_WAFER_40,4,4
SIMTECH,EQ_WAFER_41,1,1
SIMTECH,EQ_WAFER_41,2,2
SIMTECH,EQ_WAFER_41,3,3
SIMTECH,EQ_WAFER_41,4,4
SIMTECH,EQ_LOT_106,A,1
SIMTECH,EQ_LOT_106,B,2
SIMTECH,EQ_LOT_106,C,3
SIMTECH,EQ_LOT_106,D,4
SIMTECH,EQ_LOT_106,E,5
SIMTECH,EQ_LOT_106,F,6
SIMTECH,EQ_WAFER_341,A,1
SIMTECH,EQ_WAFER_341,B,2
SIMTECH,EQ_WAFER_341,C,3
SIMTECH,EQ_WAFER_341,D,4
SIMTECH,EQ_WAFER_341,E,5
SIMTECH,EQ_WAFER_341,F,6
SIMTECH,EQ_LOT_107,A,1
SIMTECH,EQ_LOT_107,B,2
SIMTECH,EQ_LOT_107,C,3
SIMTECH,EQ_LOT_107,D,4
SIMTECH,EQ_LOT_107,E,5
SIMTECH,EQ_LOT_107,F,6
SIMTECH,EQ_WAFER_357,A,1
SIMTECH,EQ_WAFER_357,B,2
SIMTECH,EQ_WAFER_357,C,3
SIMTECH,EQ_WAFER_358,A,1
SIMTECH,EQ_WAFER_358,B,2
SIMTECH,EQ_WAFER_358,C,3
SIMTECH,EQ_WAFER_359,A,1
SIMTECH,EQ_WAFER_359,B,2
SIMTECH,EQ_WAFER_359,C,3
SIMTECH,EQ_WAFER_360,A,1
SIMTECH,EQ_WAFER_360,B,2
SIMTECH,EQ_WAFER_360,C,3
SIMTECH,EQ_WAFER_43,A,1
SIMTECH,EQ_WAFER_43,B,2
SIMTECH,EQ_WAFER_43,C,3
SIMTECH,EQ_WAFER_43,D,4
SIMTECH,EQ_WAFER_595,1,1
SIMTECH,EQ_WAFER_595,2,2
SIMTECH,EQ_WAFER_390,A,1
SIMTECH,EQ_WAFER_390,B,2
SIMTECH,EQ_WAFER_390,C,3
SIMTECH,EQ_WAFER_391,A,1
SIMTECH,EQ_WAFER_391,B,2
SIMTECH,EQ_WAFER_391,C,3
SIMTECH,EQ_WAFER_392,A,1
SIMTECH,EQ_WAFER_392,B,2
SIMTECH,EQ_WAFER_393,A,1
SIMTECH,EQ_WAFER_393,B,2
SIMTECH,EQ_WAFER_393,C,3
SIMTECH,EQ_WAFER_654,1,1
SIMTECH,EQ_WAFER_654,2,2
SIMTECH,EQ_WAFER_485,A,1
SIMTECH,EQ_WAFER_485,B,2
SIMTECH,EQ_WAFER_485,C,3
SIMTECH,EQ_WAFER_486,A,1
SIMTECH,EQ_WAFER_486,B,2
SIMTECH,EQ_WAFER_486,C,3
SIMTECH,EQ_WAFER_487,A,1
SIMTECH,EQ_WAFER_487,B,2
SIMTECH,EQ_WAFER_487,C,3
SIMTECH,EQ_WAFER_488,A,1
SIMTECH,EQ_WAFER_488,B,2
SIMTECH,EQ_WAFER_488,C,3
SIMTECH,EQ_WAFER_489,A,1
SIMTECH,EQ_WAFER_489,B,2
SIMTECH,EQ_WAFER_489,C,3
SIMTECH,EQ_WAFER_521,A,1
SIMTECH,EQ_WAFER_521,B,2
SIMTECH,EQ_WAFER_521,C,3
SIMTECH,EQ_WAFER_521,D,4
SIMTECH,EQ_WAFER_472,A,1
SIMTECH,EQ_WAFER_472,B,2
SIMTECH,EQ_WAFER_88,A,1
SIMTECH,EQ_WAFER_88,B,2
SIMTECH,EQ_WAFER_88,C,3
SIMTECH,EQ_WAFER_89,A,1
SIMTECH,EQ_WAFER_89,B,2
SIMTECH,EQ_WAFER_89,C,3
SIMTECH,EQ_WAFER_90,A,1
SIMTECH,EQ_WAFER_90,B,2
SIMTECH,EQ_WAFER_90,C,3
SIMTECH,EQ_WAFER_91,A,1
SIMTECH,EQ_WAFER_91,B,2
SIMTECH,EQ_WAFER_91,C,3
SIMTECH,EQ_WAFER_251,A,1
SIMTECH,EQ_WAFER_251,B,2
SIMTECH,EQ_WAFER_254,A,1
SIMTECH,EQ_WAFER_254,B,2
SIMTECH,EQ_WAFER_492,A,1
SIMTECH,EQ_WAFER_492,B,2
SIMTECH,EQ_WAFER_492,C,3
SIMTECH,EQ_WAFER_492,D,4
SIMTECH,EQ_WAFER_493,A,1
SIMTECH,EQ_WAFER_493,B,2
SIMTECH,EQ_WAFER_493,C,3
SIMTECH,EQ_WAFER_493,D,4
SIMTECH,EQ_WAFER_494,A,1
SIMTECH,EQ_WAFER_494,B,2
SIMTECH,EQ_WAFER_494,C,3
SIMTECH,EQ_WAFER_494,D,4
SIMTECH,EQ_WAFER_495,A,1
SIMTECH,EQ_WAFER_495,B,2
SIMTECH,EQ_WAFER_495,C,3
SIMTECH,EQ_WAFER_495,D,4
SIMTECH,EQ_WAFER_496,A,1
SIMTECH,EQ_WAFER_496,B,2
SIMTECH,EQ_WAFER_496,C,3
SIMTECH,EQ_WAFER_496,D,4
SIMTECH,EQ_WAFER_522,A,1
SIMTECH,EQ_WAFER_522,B,2
SIMTECH,EQ_WAFER_522,C,3
SIMTECH,EQ_WAFER_522,D,4
SIMTECH,EQ_WAFER_497,A,1
SIMTECH,EQ_WAFER_497,B,2
SIMTECH,EQ_WAFER_497,C,3
SIMTECH,EQ_WAFER_497,D,4
SIMTECH,EQ_WAFER_498,A,1
SIMTECH,EQ_WAFER_498,B,2
SIMTECH,EQ_WAFER_498,C,3
SIMTECH,EQ_WAFER_498,D,4
SIMTECH,EQ_WAFER_523,A,1
SIMTECH,EQ_WAFER_523,B,2
SIMTECH,EQ_WAFER_523,C,3
SIMTECH,EQ_WAFER_523,D,4
SIMTECH,EQ_WAFER_524,A,1
SIMTECH,EQ_WAFER_524,B,2
SIMTECH,EQ_WAFER_524,C,3
SIMTECH,EQ_WAFER_524,D,4
SIMTECH,EQ_WAFER_499,A,1
SIMTECH,EQ_WAFER_499,B,2
SIMTECH,EQ_WAFER_499,C,3
SIMTECH,EQ_WAFER_499,D,4
SIMTECH,EQ_WAFER_500,A,1
SIMTECH,EQ_WAFER_500,B,2
SIMTECH,EQ_WAFER_500,C,3
SIMTECH,EQ_WAFER_500,D,4
SIMTECH,EQ_WAFER_525,A,1
SIMTECH,EQ_WAFER_525,B,2
SIMTECH,EQ_WAFER_525,C,3
SIMTECH,EQ_WAFER_525,D,4
SIMTECH,EQ_WAFER_501,A,1
SIMTECH,EQ_WAFER_501,B,2
SIMTECH,EQ_WAFER_501,C,3
SIMTECH,EQ_WAFER_501,D,4
SIMTECH,EQ_WAFER_502,A,1
SIMTECH,EQ_WAFER_502,B,2
SIMTECH,EQ_WAFER_502,C,3
SIMTECH,EQ_WAFER_502,D,4
SIMTECH,EQ_WAFER_526,A,1
SIMTECH,EQ_WAFER_526,B,2
SIMTECH,EQ_WAFER_526,C,3
SIMTECH,EQ_WAFER_526,D,4
SIMTECH,EQ_WAFER_503,A,1
SIMTECH,EQ_WAFER_503,B,2
SIMTECH,EQ_WAFER_503,C,3
SIMTECH,EQ_WAFER_503,D,4
SIMTECH,EQ_WAFER_527,A,1
SIMTECH,EQ_WAFER_527,B,2
SIMTECH,EQ_WAFER_527,C,3
SIMTECH,EQ_WAFER_527,D,4
SIMTECH,EQ_WAFER_504,A,1
SIMTECH,EQ_WAFER_504,B,2
SIMTECH,EQ_WAFER_504,C,3
SIMTECH,EQ_WAFER_504,D,4
SIMTECH,EQ_WAFER_505,A,1
SIMTECH,EQ_WAFER_505,B,2
SIMTECH,EQ_WAFER_505,C,3
SIMTECH,EQ_WAFER_505,D,4
SIMTECH,EQ_WAFER_506,A,1
SIMTECH,EQ_WAFER_506,B,2
SIMTECH,EQ_WAFER_506,C,3
SIMTECH,EQ_WAFER_506,D,4
SIMTECH,EQ_WAFER_507,A,1
SIMTECH,EQ_WAFER_507,B,2
SIMTECH,EQ_WAFER_507,C,3
SIMTECH,EQ_WAFER_507,D,4
SIMTECH,EQ_WAFER_508,A,1
SIMTECH,EQ_WAFER_508,B,2
SIMTECH,EQ_WAFER_508,C,3
SIMTECH,EQ_WAFER_508,D,4
SIMTECH,EQ_WAFER_528,A,1
SIMTECH,EQ_WAFER_528,B,2
SIMTECH,EQ_WAFER_528,C,3
SIMTECH,EQ_WAFER_528,D,4
SIMTECH,EQ_WAFER_529,A,1
SIMTECH,EQ_WAFER_529,B,2
SIMTECH,EQ_WAFER_529,C,3
SIMTECH,EQ_WAFER_529,D,4
SIMTECH,EQ_WAFER_509,A,1
SIMTECH,EQ_WAFER_509,B,2
SIMTECH,EQ_WAFER_509,C,3
SIMTECH,EQ_WAFER_509,D,4
SIMTECH,EQ_WAFER_510,A,1
SIMTECH,EQ_WAFER_510,B,2
SIMTECH,EQ_WAFER_510,C,3
SIMTECH,EQ_WAFER_510,D,4
SIMTECH,EQ_WAFER_530,A,1
SIMTECH,EQ_WAFER_530,B,2
SIMTECH,EQ_WAFER_530,C,3
SIMTECH,EQ_WAFER_530,D,4
SIMTECH,EQ_WAFER_511,A,1
SIMTECH,EQ_WAFER_511,B,2
SIMTECH,EQ_WAFER_511,C,3
SIMTECH,EQ_WAFER_511,D,4
SIMTECH,EQ_WAFER_512,A,1
SIMTECH,EQ_WAFER_512,B,2
SIMTECH,EQ_WAFER_512,C,3
SIMTECH,EQ_WAFER_512,D,4
SIMTECH,EQ_WAFER_531,A,1
SIMTECH,EQ_WAFER_531,B,2
SIMTECH,EQ_WAFER_531,C,3
SIMTECH,EQ_WAFER_531,D,4
SIMTECH,EQ_WAFER_513,A,1
SIMTECH,EQ_WAFER_513,B,2
SIMTECH,EQ_WAFER_513,C,3
SIMTECH,EQ_WAFER_513,D,4
SIMTECH,EQ_WAFER_514,A,1
SIMTECH,EQ_WAFER_514,B,2
SIMTECH,EQ_WAFER_514,C,3
SIMTECH,EQ_WAFER_514,D,4
SIMTECH,EQ_WAFER_515,A,1
SIMTECH,EQ_WAFER_515,B,2
SIMTECH,EQ_WAFER_515,C,3
SIMTECH,EQ_WAFER_515,D,4
SIMTECH,EQ_WAFER_532,A,1
SIMTECH,EQ_WAFER_532,B,2
SIMTECH,EQ_WAFER_532,C,3
SIMTECH,EQ_WAFER_532,D,4
SIMTECH,EQ_WAFER_533,A,1
SIMTECH,EQ_WAFER_533,B,2
SIMTECH,EQ_WAFER_533,C,3
SIMTECH,EQ_WAFER_533,D,4
SIMTECH,EQ_WAFER_92,A,1
SIMTECH,EQ_WAFER_92,B,2
SIMTECH,EQ_WAFER_92,C,3
SIMTECH,EQ_WAFER_93,A,1
SIMTECH,EQ_WAFER_93,B,2
SIMTECH,EQ_WAFER_93,C,3
SIMTECH,EQ_WAFER_94,A,1
SIMTECH,EQ_WAFER_94,B,2
SIMTECH,EQ_WAFER_94,C,3
SIMTECH,EQ_WAFER_95,A,1
SIMTECH,EQ_WAFER_95,B,2
SIMTECH,EQ_WAFER_95,C,3
SIMTECH,EQ_WAFER_96,A,1
SIMTECH,EQ_WAFER_96,B,2
SIMTECH,EQ_WAFER_96,C,3
SIMTECH,EQ_WAFER_97,A,1
SIMTECH,EQ_WAFER_97,B,2
SIMTECH,EQ_WAFER_97,C,3
SIMTECH,EQ_WAFER_98,A,1
SIMTECH,EQ_WAFER_98,B,2
SIMTECH,EQ_WAFER_98,C,3
SIMTECH,EQ_WAFER_99,A,1
SIMTECH,EQ_WAFER_99,B,2
SIMTECH,EQ_WAFER_99,C,3
SIMTECH,EQ_WAFER_100,A,1
SIMTECH,EQ_WAFER_100,B,2
SIMTECH,EQ_WAFER_100,C,3
SIMTECH,EQ_WAFER_101,A,1
SIMTECH,EQ_WAFER_101,B,2
SIMTECH,EQ_WAFER_101,C,3
SIMTECH,EQ_WAFER_102,A,1
SIMTECH,EQ_WAFER_102,B,2
SIMTECH,EQ_WAFER_102,C,3
SIMTECH,EQ_WAFER_332,A,1
SIMTECH,EQ_WAFER_621,1,1
SIMTECH,EQ_WAFER_621,2,2
SIMTECH,EQ_WAFER_621,3,3
SIMTECH,EQ_WAFER_621,4,4
SIMTECH,EQ_WAFER_621,5,5
SIMTECH,EQ_WAFER_621,6,6
SIMTECH,EQ_WAFER_622,1,1
SIMTECH,EQ_WAFER_622,2,2
SIMTECH,EQ_WAFER_622,3,3
SIMTECH,EQ_WAFER_622,4,4
SIMTECH,EQ_WAFER_622,5,5
SIMTECH,EQ_WAFER_622,6,6
SIMTECH,EQ_WAFER_623,1,1
SIMTECH,EQ_WAFER_623,2,2
SIMTECH,EQ_WAFER_623,3,3
SIMTECH,EQ_WAFER_623,4,4
SIMTECH,EQ_WAFER_623,5,5
SIMTECH,EQ_WAFER_623,6,6
SIMTECH,EQ_WAFER_624,1,1
SIMTECH,EQ_WAFER_624,2,2
SIMTECH,EQ_WAFER_624,3,3
SIMTECH,EQ_WAFER_624,4,4
SIMTECH,EQ_WAFER_624,5,5
SIMTECH,EQ_WAFER_624,6,6
SIMTECH,EQ_WAFER_625,1,1
SIMTECH,EQ_WAFER_625,2,2
SIMTECH,EQ_WAFER_625,3,3
SIMTECH,EQ_WAFER_625,4,4
SIMTECH,EQ_WAFER_625,5,5
SIMTECH,EQ_WAFER_625,6,6
SIMTECH,EQ_WAFER_626,1,1
SIMTECH,EQ_WAFER_626,2,2
SIMTECH,EQ_WAFER_626,3,3
SIMTECH,EQ_WAFER_626,4,4
SIMTECH,EQ_WAFER_626,5,5
SIMTECH,EQ_WAFER_626,6,6
SIMTECH,EQ_WAFER_627,1,1
SIMTECH,EQ_WAFER_627,2,2
SIMTECH,EQ_WAFER_627,3,3
SIMTECH,EQ_WAFER_627,4,4
SIMTECH,EQ_WAFER_627,5,5
SIMTECH,EQ_WAFER_627,6,6
SIMTECH,EQ_WAFER_628,1,1
SIMTECH,EQ_WAFER_628,2,2
SIMTECH,EQ_WAFER_628,3,3
SIMTECH,EQ_WAFER_628,4,4
SIMTECH,EQ_WAFER_628,5,5
SIMTECH,EQ_WAFER_628,6,6
SIMTECH,EQ_WAFER_629,1,1
SIMTECH,EQ_WAFER_629,2,2
SIMTECH,EQ_WAFER_629,3,3
SIMTECH,EQ_WAFER_629,4,4
SIMTECH,EQ_WAFER_629,5,5
SIMTECH,EQ_WAFER_629,6,6
SIMTECH,EQ_WAFER_630,1,1
SIMTECH,EQ_WAFER_630,2,2
SIMTECH,EQ_WAFER_630,3,3
SIMTECH,EQ_WAFER_630,4,4
SIMTECH,EQ_WAFER_630,5,5
SIMTECH,EQ_WAFER_630,6,6
SIMTECH,EQ_WAFER_631,1,1
SIMTECH,EQ_WAFER_631,2,2
SIMTECH,EQ_WAFER_631,3,3
SIMTECH,EQ_WAFER_631,4,4
SIMTECH,EQ_WAFER_631,5,5
SIMTECH,EQ_WAFER_631,6,6
SIMTECH,EQ_WAFER_632,1,1
SIMTECH,EQ_WAFER_632,2,2
SIMTECH,EQ_WAFER_632,3,3
SIMTECH,EQ_WAFER_632,4,4
SIMTECH,EQ_WAFER_632,5,5
SIMTECH,EQ_WAFER_632,6,6
SIMTECH,EQ_WAFER_633,1,1
SIMTECH,EQ_WAFER_633,2,2
SIMTECH,EQ_WAFER_633,3,3
SIMTECH,EQ_WAFER_633,4,4
SIMTECH,EQ_WAFER_633,5,5
SIMTECH,EQ_WAFER_633,6,6
SIMTECH,EQ_WAFER_58,C,1
SIMTECH,EQ_WAFER_58,D,2
SIMTECH,EQ_WAFER_58,E,3
SIMTECH,EQ_WAFER_58,F,4
SIMTECH,EQ_WAFER_58,1,5
SIMTECH,EQ_WAFER_58,2,6
SIMTECH,EQ_WAFER_58,3,7
SIMTECH,EQ_WAFER_58,4,8
SIMTECH,EQ_WAFER_59,C,1
SIMTECH,EQ_WAFER_59,E,2
SIMTECH,EQ_WAFER_59,F,3
SIMTECH,EQ_WAFER_59,1,4
SIMTECH,EQ_WAFER_59,2,5
SIMTECH,EQ_WAFER_59,3,6
SIMTECH,EQ_WAFER_59,4,7
SIMTECH,EQ_WAFER_60,C,1
SIMTECH,EQ_WAFER_60,E,2
SIMTECH,EQ_WAFER_60,F,3
SIMTECH,EQ_WAFER_60,1,4
SIMTECH,EQ_WAFER_60,2,5
SIMTECH,EQ_WAFER_60,3,6
SIMTECH,EQ_WAFER_60,4,7
SIMTECH,EQ_WAFER_61,C,1
SIMTECH,EQ_WAFER_61,D,2
SIMTECH,EQ_WAFER_61,E,3
SIMTECH,EQ_WAFER_61,F,4
SIMTECH,EQ_WAFER_61,1,5
SIMTECH,EQ_WAFER_61,2,6
SIMTECH,EQ_WAFER_61,3,7
SIMTECH,EQ_WAFER_61,4,8
SIMTECH,EQ_WAFER_62,C,1
SIMTECH,EQ_WAFER_62,E,2
SIMTECH,EQ_WAFER_62,F,3
SIMTECH,EQ_WAFER_62,1,4
SIMTECH,EQ_WAFER_62,2,5
SIMTECH,EQ_WAFER_62,3,6
SIMTECH,EQ_WAFER_62,4,7
SIMTECH,EQ_WAFER_63,C,1
SIMTECH,EQ_WAFER_63,E,2
SIMTECH,EQ_WAFER_63,F,3
SIMTECH,EQ_WAFER_63,1,4
SIMTECH,EQ_WAFER_63,2,5
SIMTECH,EQ_WAFER_63,3,6
SIMTECH,EQ_WAFER_63,4,7
SIMTECH,EQ_WAFER_64,C,1
SIMTECH,EQ_WAFER_64,E,2
SIMTECH,EQ_WAFER_64,F,3
SIMTECH,EQ_WAFER_64,1,4
SIMTECH,EQ_WAFER_64,2,5
SIMTECH,EQ_WAFER_64,3,6
SIMTECH,EQ_WAFER_64,4,7
SIMTECH,EQ_WAFER_65,C,1
SIMTECH,EQ_WAFER_65,D,2
SIMTECH,EQ_WAFER_65,E,3
SIMTECH,EQ_WAFER_65,F,4
SIMTECH,EQ_WAFER_65,1,5
SIMTECH,EQ_WAFER_65,2,6
SIMTECH,EQ_WAFER_65,3,7
SIMTECH,EQ_WAFER_65,4,8
SIMTECH,EQ_WAFER_66,C,1
SIMTECH,EQ_WAFER_66,E,2
SIMTECH,EQ_WAFER_66,F,3
SIMTECH,EQ_WAFER_66,1,4
SIMTECH,EQ_WAFER_66,2,5
SIMTECH,EQ_WAFER_66,3,6
SIMTECH,EQ_WAFER_66,4,7
SIMTECH,EQ_WAFER_67,C,1
SIMTECH,EQ_WAFER_67,E,2
SIMTECH,EQ_WAFER_67,F,3
SIMTECH,EQ_WAFER_67,1,4
SIMTECH,EQ_WAFER_67,2,5
SIMTECH,EQ_WAFER_67,3,6
SIMTECH,EQ_WAFER_67,4,7
SIMTECH,EQ_WAFER_68,C,1
SIMTECH,EQ_WAFER_68,E,2
SIMTECH,EQ_WAFER_68,F,3
SIMTECH,EQ_WAFER_68,1,4
SIMTECH,EQ_WAFER_68,2,5
SIMTECH,EQ_WAFER_68,3,6
SIMTECH,EQ_WAFER_68,4,7
SIMTECH,EQ_WAFER_601,A,1
SIMTECH,EQ_WAFER_601,B,2
SIMTECH,EQ_WAFER_601,C,3
SIMTECH,EQ_WAFER_601,D,4
SIMTECH,EQ_WAFER_601,S,5
SIMTECH,EQ_WAFER_601,T,6
SIMTECH,EQ_WAFER_602,A,1
SIMTECH,EQ_WAFER_602,B,2
SIMTECH,EQ_WAFER_602,C,3
SIMTECH,EQ_WAFER_602,D,4
SIMTECH,EQ_WAFER_602,S,5
SIMTECH,EQ_WAFER_602,T,6
SIMTECH,EQ_WAFER_603,A,1
SIMTECH,EQ_WAFER_603,B,2
SIMTECH,EQ_WAFER_603,C,3
SIMTECH,EQ_WAFER_603,D,4
SIMTECH,EQ_WAFER_603,S,5
SIMTECH,EQ_WAFER_603,T,6
SIMTECH,EQ_WAFER_604,A,1
SIMTECH,EQ_WAFER_604,B,2
SIMTECH,EQ_WAFER_604,C,3
SIMTECH,EQ_WAFER_604,D,4
SIMTECH,EQ_WAFER_604,S,5
SIMTECH,EQ_WAFER_604,T,6
SIMTECH,EQ_WAFER_605,A,1
SIMTECH,EQ_WAFER_605,B,2
SIMTECH,EQ_WAFER_605,C,3
SIMTECH,EQ_WAFER_605,D,4
SIMTECH,EQ_WAFER_605,S,5
SIMTECH,EQ_WAFER_605,T,6
SIMTECH,EQ_WAFER_606,A,1
SIMTECH,EQ_WAFER_606,B,2
SIMTECH,EQ_WAFER_606,C,3
SIMTECH,EQ_WAFER_606,D,4
SIMTECH,EQ_WAFER_606,S,5
SIMTECH,EQ_WAFER_606,T,6
SIMTECH,EQ_WAFER_607,A,1
SIMTECH,EQ_WAFER_607,B,2
SIMTECH,EQ_WAFER_607,C,3
SIMTECH,EQ_WAFER_607,D,4
SIMTECH,EQ_WAFER_607,S,5
SIMTECH,EQ_WAFER_607,T,6
SIMTECH,EQ_WAFER_608,A,1
SIMTECH,EQ_WAFER_608,B,2
SIMTECH,EQ_WAFER_608,C,3
SIMTECH,EQ_WAFER_608,D,4
SIMTECH,EQ_WAFER_608,S,5
SIMTECH,EQ_WAFER_608,T,6
SIMTECH,EQ_WAFER_609,A,1
SIMTECH,EQ_WAFER_609,B,2
SIMTECH,EQ_WAFER_609,C,3
SIMTECH,EQ_WAFER_609,D,4
SIMTECH,EQ_WAFER_609,S,5
SIMTECH,EQ_WAFER_609,T,6
SIMTECH,EQ_WAFER_610,A,1
SIMTECH,EQ_WAFER_610,B,2
SIMTECH,EQ_WAFER_610,C,3
SIMTECH,EQ_WAFER_610,D,4
SIMTECH,EQ_WAFER_610,S,5
SIMTECH,EQ_WAFER_610,T,6
SIMTECH,EQ_WAFER_611,A,1
SIMTECH,EQ_WAFER_611,B,2
SIMTECH,EQ_WAFER_611,C,3
SIMTECH,EQ_WAFER_611,D,4
SIMTECH,EQ_WAFER_611,A,5
SIMTECH,EQ_WAFER_611,B,6
SIMTECH,EQ_WAFER_612,A,1
SIMTECH,EQ_WAFER_612,B,2
SIMTECH,EQ_WAFER_612,C,3
SIMTECH,EQ_WAFER_612,D,4
SIMTECH,EQ_WAFER_612,A,5
SIMTECH,EQ_WAFER_612,B,6
SIMTECH,EQ_WAFER_613,A,1
SIMTECH,EQ_WAFER_613,B,2
SIMTECH,EQ_WAFER_613,C,3
SIMTECH,EQ_WAFER_613,D,4
SIMTECH,EQ_WAFER_613,T,5
SIMTECH,EQ_WAFER_614,A,1
SIMTECH,EQ_WAFER_614,B,2
SIMTECH,EQ_WAFER_614,C,3
SIMTECH,EQ_WAFER_614,D,4
SIMTECH,EQ_WAFER_614,A,5
SIMTECH,EQ_WAFER_614,B,6
SIMTECH,EQ_WAFER_615,A,1
SIMTECH,EQ_WAFER_615,B,2
SIMTECH,EQ_WAFER_615,C,3
SIMTECH,EQ_WAFER_615,D,4
SIMTECH,EQ_WAFER_615,T,5
SIMTECH,EQ_WAFER_616,A,1
SIMTECH,EQ_WAFER_616,B,2
SIMTECH,EQ_WAFER_616,C,3
SIMTECH,EQ_WAFER_616,D,4
SIMTECH,EQ_WAFER_616,S,5
SIMTECH,EQ_WAFER_616,T,6
SIMTECH,EQ_WAFER_617,A,1
SIMTECH,EQ_WAFER_617,B,2
SIMTECH,EQ_WAFER_617,C,3
SIMTECH,EQ_WAFER_617,D,4
SIMTECH,EQ_WAFER_617,S,5
SIMTECH,EQ_WAFER_617,T,6
SIMTECH,EQ_WAFER_618,A,1
SIMTECH,EQ_WAFER_618,B,2
SIMTECH,EQ_WAFER_618,C,3
SIMTECH,EQ_WAFER_618,T,4
SIMTECH,EQ_WAFER_209,A,1
SIMTECH,EQ_WAFER_209,B,2
SIMTECH,EQ_WAFER_209,C,3
SIMTECH,EQ_WAFER_210,A,1
SIMTECH,EQ_WAFER_210,B,2
SIMTECH,EQ_WAFER_210,C,3
SIMTECH,EQ_WAFER_211,A,1
SIMTECH,EQ_WAFER_211,B,2
SIMTECH,EQ_WAFER_211,C,3
SIMTECH,EQ_WAFER_212,A,1
SIMTECH,EQ_WAFER_212,B,2
SIMTECH,EQ_WAFER_212,C,3
SIMTECH,EQ_WAFER_213,A,1
SIMTECH,EQ_WAFER_213,B,2
SIMTECH,EQ_WAFER_213,C,3
SIMTECH,EQ_WAFER_214,A,1
SIMTECH,EQ_WAFER_214,B,2
SIMTECH,EQ_WAFER_214,C,3
SIMTECH,EQ_WAFER_215,A,1
SIMTECH,EQ_WAFER_215,B,2
SIMTECH,EQ_WAFER_215,C,3
SIMTECH,EQ_WAFER_216,A,1
SIMTECH,EQ_WAFER_216,B,2
SIMTECH,EQ_WAFER_216,C,3
SIMTECH,EQ_WAFER_217,A,1
SIMTECH,EQ_WAFER_217,B,2
SIMTECH,EQ_WAFER_217,C,3
SIMTECH,EQ_WAFER_218,A,1
SIMTECH,EQ_WAFER_218,B,2
SIMTECH,EQ_WAFER_218,C,3
SIMTECH,EQ_WAFER_219,A,1
SIMTECH,EQ_WAFER_219,B,2
SIMTECH,EQ_WAFER_219,C,3
SIMTECH,EQ_WAFER_220,A,1
SIMTECH,EQ_WAFER_220,B,2
SIMTECH,EQ_WAFER_220,C,3
SIMTECH,EQ_WAFER_221,A,1
SIMTECH,EQ_WAFER_221,B,2
SIMTECH,EQ_WAFER_221,C,3
SIMTECH,EQ_WAFER_516,A,1
SIMTECH,EQ_WAFER_516,B,2
SIMTECH,EQ_WAFER_516,C,3
SIMTECH,EQ_WAFER_516,D,4
SIMTECH,EQ_WAFER_113,A,1
SIMTECH,EQ_WAFER_113,B,2
SIMTECH,EQ_WAFER_113,C,3
SIMTECH,EQ_WAFER_114,A,1
SIMTECH,EQ_WAFER_114,B,2
SIMTECH,EQ_WAFER_114,C,3
SIMTECH,EQ_WAFER_115,A,1
SIMTECH,EQ_WAFER_115,B,2
SIMTECH,EQ_WAFER_115,C,3
SIMTECH,EQ_WAFER_116,A,1
SIMTECH,EQ_WAFER_116,B,2
SIMTECH,EQ_WAFER_116,C,3
SIMTECH,EQ_WAFER_368,A,1
SIMTECH,EQ_WAFER_368,B,2
SIMTECH,EQ_WAFER_369,A,1
SIMTECH,EQ_WAFER_369,B,2
SIMTECH,EQ_WAFER_370,A,1
SIMTECH,EQ_WAFER_370,B,2
SIMTECH,EQ_WAFER_371,A,1
SIMTECH,EQ_WAFER_371,B,2
SIMTECH,EQ_WAFER_372,A,1
SIMTECH,EQ_WAFER_372,B,2
SIMTECH,EQ_WAFER_265,A,1
SIMTECH,EQ_WAFER_265,B,2
SIMTECH,EQ_WAFER_270,A,1
SIMTECH,EQ_WAFER_270,B,2
SIMTECH,EQ_WAFER_435,1,1
SIMTECH,EQ_WAFER_435,2,2
SIMTECH,EQ_WAFER_440,1,1
SIMTECH,EQ_WAFER_440,3,2
SIMTECH,EQ_WAFER_441,3,1
SIMTECH,EQ_WAFER_441,1,2
SIMTECH,EQ_WAFER_441,2,3
SIMTECH,EQ_WAFER_441,3,4
SIMTECH,EQ_WAFER_441,4,5
SIMTECH,EQ_WAFER_405,3,1
SIMTECH,EQ_WAFER_405,1,2
SIMTECH,EQ_WAFER_405,2,3
SIMTECH,EQ_WAFER_405,3,4
SIMTECH,EQ_WAFER_405,4,5
SIMTECH,EQ_WAFER_442,3,1
SIMTECH,EQ_WAFER_442,1,2
SIMTECH,EQ_WAFER_442,2,3
SIMTECH,EQ_WAFER_442,3,4
SIMTECH,EQ_WAFER_442,4,5
SIMTECH,EQ_WAFER_443,3,1
SIMTECH,EQ_WAFER_443,1,2
SIMTECH,EQ_WAFER_443,2,3
SIMTECH,EQ_WAFER_443,3,4
SIMTECH,EQ_WAFER_443,4,5
SIMTECH,EQ_WAFER_444,3,1
SIMTECH,EQ_WAFER_444,1,2
SIMTECH,EQ_WAFER_444,2,3
SIMTECH,EQ_WAFER_444,3,4
SIMTECH,EQ_WAFER_444,4,5
SIMTECH,EQ_LOT_141,3,1
SIMTECH,EQ_LOT_141,1,2
SIMTECH,EQ_LOT_141,2,3
SIMTECH,EQ_LOT_141,3,4
SIMTECH,EQ_LOT_141,4,5
