FAB,EQPT_ID,LOCATION,CAPACITY,EQPT_GROUP_NAME,EQPT_TYPE,MAX_WAIT_MAX_BATCH_IN_MINS,MAX_WAIT_MIN_BATCH_IN_MINS,MIN_BATCH_SIZE,MAX_BATCH_SIZE,CONCURRENT_WAFERS,MODE_TYPE,LOAD_TIME,LOAD_TIME_DIST,UNLOAD_TIME,RESUME_PTIME,BATCH_WAIT_BY_EARLIEST_ARRIVAL,BATCH_SIZE_TYPE,BATCH_FORM_MARGIN,PREEMPTION
SIMTECH,EQ_WAFER_1,FAB,2,EG_WAFER_1,3,,,,,,1,0,,,1,,,,Y
SIMTECH,EQ_WAFER_26,FAB,2,EG_WAFER_3,3,,,,,,1,,,,1,,,,Y
SIMTECH,EQ_WAFER_27,FAB,12,EG_WAFER_4,3,,,,,,1,0,,,1,,,,Y
SIMTECH,EQ_WAFER_343,FAB,2,EG_WAFER_61,3,,,,,,1,8.4,,,1,,,,Y
SIMTECH,EQ_WAFER_473,FAB,3,EG_WAFER_87,3,,,,,,1,0.4,,,1,,,,Y
SIMTECH,EQ_WAFER_474,FAB,3,EG_WAFER_87,3,,,,,,1,0.4,,,1,,,,Y
SIMTECH,EQ_WAFER_132,FAB,3,EG_WAFER_20,3,,,,,,1,0.4,,,1,,,,Y
SIMTECH,EQ_BATCH_296,FAB,1,EG_BATCH_6,2,17,23,25,75,,1,0.4,,,1,Y,1,0.1,Y
SIMTECH,EQ_WAFER_356,FAB,2,EG_WAFER_63,3,,,,,,1,0.4,,,1,,,,Y
SIMTECH,EQ_BATCH_297,FAB,1,EG_BATCH_6,2,9,12,25,75,,1,0.4,,,1,Y,1,0.1,Y
SIMTECH,EQ_BATCH_335,FAB,1,EG_BATCH_12,2,24,32,100,225,,1,18,,,1,Y,1,0.1,Y
SIMTECH,EQ_LOT_32,FAB,1,EG_BATCH_12,2,,,,,,1,18,,,1,,,,Y
SIMTECH,EQ_WAFER_206,FAB,2,EG_WAFER_31,3,,,,,,1,0.4,,,1,,,,Y
SIMTECH,EQ_WAFER_479,FAB,3,EG_WAFER_88,3,,,,,,1,0.4,,,1,,,,Y
SIMTECH,EQ_WAFER_480,FAB,3,EG_WAFER_88,3,,,,,,1,0.4,,,1,,,,Y
SIMTECH,EQ_WAFER_481,FAB,3,EG_WAFER_88,3,,,,,,1,0.4,,,1,,,,Y
SIMTECH,EQ_WAFER_336,FAB,2,EG_WAFER_57,3,,,,,,1,18,,,1,,,,Y
SIMTECH,EQ_WAFER_334,FAB,1,EG_WAFER_56,3,,,,,,1,0.4,,,1,,,,Y
SIMTECH,EQ_WAFER_335,FAB,2,EG_WAFER_56,3,,,,,,1,0.4,,,1,,,,Y
SIMTECH,EQ_WAFER_634,FAB,2,EG_WAFER_104,3,,,,,,1,0.4,,,1,,,,Y
SIMTECH,EQ_WAFER_635,FAB,2,EG_WAFER_104,3,,,,,,1,0.4,,,1,,,,Y
SIMTECH,EQ_WAFER_205,FAB,1,EG_WAFER_30,3,,,,,,1,0.4,,,1,,,,Y
SIMTECH,EQ_WAFER_388,FAB,2,EG_LOT_24,3,,,,,,1,1.2,,,1,,,,Y
SIMTECH,EQ_LOT_14,FAB,6,EG_LOT_7,2,,,,,,1,2,,,1,,,,Y
SIMTECH,EQ_LOT_15,FAB,6,EG_LOT_7,2,,,,,,1,2,,,1,,,,Y
SIMTECH,EQ_LOT_16,FAB,1,EG_LOT_7,2,,,,,,1,2,,,1,,,,Y
SIMTECH,EQ_LOT_28,FAB,6,EG_LOT_8,2,,,,,,1,0.4,,,1,,,,Y
SIMTECH,EQ_WAFER_519,FAB,13,EG_WAFER_94,3,,,,,,1,0,,,1,,,,Y
SIMTECH,EQ_WAFER_520,FAB,13,EG_WAFER_94,3,,,,,,1,0,,,1,,,,Y
SIMTECH,EQ_BATCH_354,FAB,1,EG_BATCH_15,3,8,11,50,100,,1,0.4,,,1,Y,1,0.1,Y
SIMTECH,EQ_WAFER_117,FAB,10,EG_WAFER_17,3,,,,,,1,0.4,,,1,,,,Y
SIMTECH,EQ_WAFER_118,FAB,10,EG_WAFER_17,3,,,,,,1,0.4,,,1,,,,Y
SIMTECH,EQ_WAFER_366,FAB,10,EG_WAFER_65,3,,,,,,1,0.4,,,1,,,,Y
SIMTECH,EQ_WAFER_367,FAB,15,EG_WAFER_65,3,,,,,,1,0.4,,,1,,,,Y
SIMTECH,EQ_WAFER_543,FAB,3,EG_WAFER_96,3,,,,,,1,2.5,,,1,,,,Y
SIMTECH,EQ_WAFER_490,FAB,4,EG_WAFER_91,3,,,,,,1,0.4,,,1,,,,Y
SIMTECH,EQ_WAFER_491,FAB,4,EG_WAFER_91,3,,,,,,1,0.4,,,1,,,,Y
SIMTECH,EQ_WAFER_207,FAB,4,EG_WAFER_32,3,,,,,,1,10.94,,,1,,,,Y
SIMTECH,EQ_WAFER_208,FAB,6,EG_WAFER_32,3,,,,,,1,10.94,,,1,,,,Y
SIMTECH,EQ_WAFER_250,FAB,2,EG_WAFER_39,3,,,,,,1,0.4,,,1,,,,Y
SIMTECH,EQ_WAFER_180,FAB,16,EG_WAFER_26,3,,,,,,1,3,,,1,,,,Y
SIMTECH,EQ_WAFER_181,FAB,350,EG_WAFER_26,3,,,,,,1,3,,,1,,,,Y
SIMTECH,EQ_WAFER_182,FAB,350,EG_WAFER_26,3,,,,,,1,3,,,1,,,,Y
SIMTECH,EQ_BATCH_371,FAB,34,EG_BATCH_19,2,46,61,25,50,,1,0.4,,,1,Y,1,0.1,Y
SIMTECH,EQ_BATCH_372,FAB,4,EG_BATCH_20,2,17,23,25,50,,1,0.4,,,1,Y,1,0.1,Y
SIMTECH,EQ_LOT_134,FAB,1,EG_LOT_30,2,,,,,,1,0.4,,,1,,,,Y
SIMTECH,EQ_LOT_135,FAB,1,EG_LOT_30,2,,,,,,1,0.4,,,1,,,,Y
SIMTECH,EQ_WAFER_415,FAB,3,EG_WAFER_80,3,,,,,,1,5.66,,,1,,,,Y
SIMTECH,EQ_WAFER_416,FAB,3,EG_WAFER_80,3,,,,,,1,5.66,,,1,,,,Y
SIMTECH,EQ_BATCH_373,FAB,2,EG_BATCH_21,2,20,27,25,50,,1,0.4,,,1,Y,1,0.1,Y
SIMTECH,EQ_LOT_136,FAB,2,EG_BATCH_21,2,,,,,,1,0.4,,,1,,,,Y
SIMTECH,EQ_WAFER_103,FAB,9,EG_WAFER_15,3,,,,,2,1,3,,,1,,,,Y
SIMTECH,EQ_WAFER_104,FAB,6,EG_WAFER_15,3,,,,,2,1,3,,,1,,,,Y
SIMTECH,EQ_WAFER_105,FAB,6,EG_WAFER_15,3,,,,,2,1,3,,,1,,,,Y
SIMTECH,EQ_WAFER_106,FAB,5,EG_WAFER_15,3,,,,,2,1,3,,,1,,,,Y
SIMTECH,EQ_WAFER_107,FAB,5,EG_WAFER_15,3,,,,,2,1,3,,,1,,,,Y
SIMTECH,EQ_WAFER_108,FAB,6,EG_WAFER_15,3,,,,,2,1,3,,,1,,,,Y
SIMTECH,EQ_WAFER_109,FAB,5,EG_WAFER_15,3,,,,,2,1,3,,,1,,,,Y
SIMTECH,EQ_WAFER_110,FAB,6,EG_WAFER_15,3,,,,,,1,3,,,1,,,,Y
SIMTECH,EQ_WAFER_111,FAB,4,EG_WAFER_15,3,,,,,,1,3,,,1,,,,Y
SIMTECH,EQ_WAFER_112,FAB,4,EG_WAFER_15,3,,,,,,1,3,,,1,,,,Y
SIMTECH,EQ_WAFER_373,FAB,26,EG_WAFER_67,5,,,,,5,1,16.82,,,1,,,,Y
SIMTECH,EQ_WAFER_374,FAB,26,EG_WAFER_67,5,,,,,5,1,16.82,,,1,,,,Y
SIMTECH,EQ_WAFER_375,FAB,26,EG_WAFER_67,5,,,,,,1,16.82,,,1,,,,Y
SIMTECH,EQ_WAFER_241,FAB,9,EG_WAFER_35,3,,,,,,1,11.38,,,1,,,,Y
SIMTECH,EQ_WAFER_242,FAB,9,EG_WAFER_35,3,,,,,,1,11.38,,,1,,,,Y
SIMTECH,EQ_WAFER_243,FAB,10,EG_WAFER_35,3,,,,,,1,11.38,,,1,,,,Y
SIMTECH,EQ_WAFER_244,FAB,8,EG_WAFER_35,3,,,,,,1,11.38,,,1,,,,Y
SIMTECH,EQ_WAFER_245,FAB,6,EG_WAFER_35,3,,,,,,1,11.38,,,1,,,,Y
SIMTECH,EQ_WAFER_672,FAB,9,EG_WAFER_113,3,,,,,,1,12.76,,,1,,,,Y
SIMTECH,EQ_WAFER_673,FAB,9,EG_WAFER_113,3,,,,,,1,12.76,,,1,,,,Y
SIMTECH,EQ_WAFER_42,FAB,22,EG_WAFER_6,3,,,,,,1,0.4,,,1,,,,Y
SIMTECH,EQ_LOT_76,FAB,32,EG_LOT_21,2,,,,,,1,3,,,1,,,,Y
SIMTECH,EQ_LOT_77,FAB,32,EG_LOT_21,2,,,,,,1,3,,,1,,,,Y
SIMTECH,EQ_WAFER_640,FAB,3,EG_WAFER_106,5,,,,,,1,0,,,1,,,,Y
SIMTECH,EQ_WAFER_641,FAB,3,EG_WAFER_106,3,,,,,,1,0,,,1,,,,Y
SIMTECH,EQ_BATCH_4,FAB,5,EG_BATCH_3,2,116,154,25,100,,1,42,,,1,Y,1,0.1,Y
SIMTECH,EQ_BATCH_5,FAB,5,EG_BATCH_3,2,116,154,50,100,,1,42,,,1,Y,1,0.1,Y
SIMTECH,EQ_BATCH_126,FAB,2,EG_BATCH_4,3,116,154,75,150,,1,18,,,1,Y,1,0.1,Y
SIMTECH,EQ_WAFER_636,FAB,2,EG_WAFER_104,3,,,,,,1,0.4,,,1,,,,Y
SIMTECH,EQ_WAFER_637,FAB,2,EG_WAFER_104,3,,,,,,1,0.4,,,1,,,,Y
SIMTECH,EQ_WAFER_398,FAB,2,EG_WAFER_74,3,,,,,,1,0.4,,,1,,,,Y
SIMTECH,EQ_WAFER_399,FAB,2,EG_WAFER_74,3,,,,,,1,0.4,,,1,,,,Y
SIMTECH,EQ_WAFER_350,FAB,2,EG_WAFER_62,3,,,,,,1,0,,,1,,,,Y
SIMTECH,EQ_WAFER_344,FAB,1,EG_WAFER_61,3,,,,,,1,8.4,,,1,,,,Y
SIMTECH,EQ_WAFER_417,FAB,3,EG_WAFER_80,3,,,,,,1,5.66,,,1,,,,Y
SIMTECH,EQ_WAFER_418,FAB,3,EG_WAFER_80,3,,,,,,1,5.66,,,1,,,,Y
SIMTECH,EQ_WAFER_433,FAB,2,EG_WAFER_81,3,,,,,,1,2,,,1,,,,Y
SIMTECH,EQ_WAFER_434,FAB,3,EG_WAFER_81,3,,,,,,1,2,,,1,,,,Y
SIMTECH,EQ_BATCH_374,FAB,102,EG_WAFER_82,2,34,45,25,50,,1,8.86,,,1,Y,1,0.1,Y
SIMTECH,EQ_BATCH_375,FAB,50,EG_WAFER_82,2,34,45,25,50,,1,8.86,,,1,Y,1,0.1,Y
SIMTECH,EQ_BATCH_355,FAB,2,EG_BATCH_16,2,24,32,50,100,,1,6.72,,,1,Y,1,0.1,Y
SIMTECH,EQ_BATCH_356,FAB,2,EG_BATCH_16,3,24,32,50,100,,1,6.72,,,1,Y,1,0.1,Y
SIMTECH,EQ_WAFER_258,FAB,3,EG_WAFER_43,3,,,,,,1,0.4,,,1,,,,Y
SIMTECH,EQ_WAFER_259,FAB,2,EG_WAFER_43,3,,,,,,1,0.4,,,1,,,,Y
SIMTECH,EQ_WAFER_247,FAB,2,EG_WAFER_37,3,,,,,,1,0.4,,,1,,,,Y
SIMTECH,EQ_BATCH_339,FAB,5,EG_BATCH_13,2,10,14,25,50,,1,0.4,,,1,Y,1,0.1,Y
SIMTECH,EQ_WAFER_246,FAB,2,EG_WAFER_36,3,,,,,,1,,,,1,,,,Y
SIMTECH,EQ_WAFER_183,FAB,40,EG_WAFER_26,3,,,,,,1,3,,,1,,,,Y
SIMTECH,EQ_WAFER_184,FAB,32,EG_WAFER_26,3,,,,,,1,3,,,1,,,,Y
SIMTECH,EQ_WAFER_185,FAB,2,EG_WAFER_26,3,,,,,,1,3,,,1,,,,Y
SIMTECH,EQ_WAFER_186,FAB,32,EG_WAFER_26,3,,,,,,1,3,,,1,,,,Y
SIMTECH,EQ_WAFER_446,FAB,2,EG_WAFER_83,3,,,,,,1,0.4,,,1,,,,Y
SIMTECH,EQ_WAFER_447,FAB,2,EG_WAFER_83,3,,,,,,1,0.4,,,1,,,,Y
SIMTECH,EQ_WAFER_448,FAB,2,EG_WAFER_83,3,,,,,,1,0.4,,,1,,,,Y
SIMTECH,EQ_WAFER_449,FAB,2,EG_WAFER_83,3,,,,,,1,0.4,,,1,,,,Y
SIMTECH,EQ_WAFER_450,FAB,2,EG_WAFER_83,3,,,,,,1,0.4,,,1,,,,Y
SIMTECH,EQ_WAFER_298,FAB,6,EG_WAFER_52,3,,,,,,1,16.22,,,1,,,,Y
SIMTECH,EQ_WAFER_306,FAB,5,EG_WAFER_53,3,,,,,,1,0,,,1,,,,Y
SIMTECH,EQ_WAFER_307,FAB,3,EG_WAFER_53,3,,,,,,1,0,,,1,,,,Y
SIMTECH,EQ_WAFER_308,FAB,3,EG_WAFER_53,3,,,,,,1,0,,,1,,,,Y
SIMTECH,EQ_WAFER_596,FAB,16,EG_WAFER_100,3,,,,,,1,0.4,,,1,,,,Y
SIMTECH,EQ_WAFER_597,FAB,16,EG_WAFER_100,3,,,,,,1,0.4,,,1,,,,Y
SIMTECH,EQ_WAFER_598,FAB,11,EG_WAFER_100,3,,,,,,1,0.4,,,1,,,,Y
SIMTECH,EQ_WAFER_599,FAB,11,EG_WAFER_100,3,,,,,,1,0.4,,,1,,,,Y
SIMTECH,EQ_WAFER_260,FAB,1,EG_WAFER_44,3,,,,,,1,0.4,,,1,,,,Y
SIMTECH,EQ_BATCH_6,FAB,4,EG_BATCH_3,2,142,189,50,100,,1,42,,,1,Y,1,0.1,Y
SIMTECH,EQ_BATCH_7,FAB,4,EG_BATCH_3,2,116,155,50,100,,1,42,,,1,Y,1,0.1,Y
SIMTECH,EQ_LOT_131,FAB,2,EG_LOT_28,2,,,,,,1,0.4,,,1,,,,Y
SIMTECH,EQ_WAFER_248,FAB,3,EG_WAFER_38,3,,,,,,1,0.4,,,1,,,,Y
SIMTECH,EQ_WAFER_249,FAB,1,EG_WAFER_38,3,,,,,,1,0.4,,,1,,,,Y
SIMTECH,EQ_WAFER_668,FAB,3,EG_WAFER_111,3,,,,,,1,0.4,,,1,,,,Y
SIMTECH,EQ_LOT_17,FAB,17,EG_LOT_7,2,,,,,,1,2,,,1,,,,Y
SIMTECH,EQ_WAFER_287,FAB,171,EG_WAFER_50,3,,,,,,1,,,,1,,,,Y
SIMTECH,EQ_WAFER_133,FAB,9,EG_WAFER_21,3,,,,,,1,0.4,,,1,,,,Y
SIMTECH,EQ_WAFER_475,FAB,2,EG_WAFER_87,3,,,,,,1,0.4,,,1,,,,Y
SIMTECH,EQ_WAFER_476,FAB,2,EG_WAFER_87,3,,,,,,1,0.4,,,1,,,,Y
SIMTECH,EQ_WAFER_477,FAB,2,EG_WAFER_87,3,,,,,,1,0.4,,,1,,,,Y
SIMTECH,EQ_WAFER_478,FAB,2,EG_WAFER_87,3,,,,,,1,0.4,,,1,,,,Y
SIMTECH,EQ_WAFER_482,FAB,2,EG_WAFER_88,3,,,,,,1,0.4,,,1,,,,Y
SIMTECH,EQ_BATCH_2,FAB,2,EG_BATCH_2,2,12,16,25,50,,1,0.4,,,1,Y,1,0.1,Y
SIMTECH,EQ_BATCH_3,FAB,2,EG_BATCH_2,2,12,16,25,50,,1,0.4,,,1,Y,1,0.1,Y
SIMTECH,EQ_WAFER_669,FAB,2,EG_WAFER_112,3,,,,,,1,0.4,,,1,,,,Y
SIMTECH,EQ_WAFER_670,FAB,2,EG_WAFER_112,3,,,,,,1,0.4,,,1,,,,Y
SIMTECH,EQ_WAFER_671,FAB,2,EG_WAFER_112,3,,,,,,1,0.4,,,1,,,,Y
SIMTECH,EQ_LOT_6,FAB,300,EG_LOT_3,2,,,,,,1,0,,0,1,,,,Y
SIMTECH,EQ_WAFER_394,FAB,100,EG_WAFER_73,3,,,,,,1,0.4,,,1,,,,Y
SIMTECH,EQ_WAFER_395,FAB,100,EG_WAFER_73,3,,,,,,1,0.4,,,1,,,,Y
SIMTECH,EQ_WAFER_579,FAB,3,EG_WAFER_97,3,,,,,,1,7.16,,,1,,,,Y
SIMTECH,EQ_WAFER_580,FAB,2,EG_WAFER_97,3,,,,,,1,7.16,,,1,,,,Y
SIMTECH,EQ_WAFER_581,FAB,2,EG_WAFER_97,3,,,,,,1,7.16,,,1,,,,Y
SIMTECH,EQ_LOT_3,FAB,1,EG_LOT_2,2,,,,,,1,13.66,,,1,,,,Y
SIMTECH,EQ_LOT_4,FAB,1,EG_LOT_2,2,,,,,,1,13.66,,,1,,,,Y
SIMTECH,EQ_LOT_5,FAB,1,EG_LOT_2,2,,,,,,1,13.66,,,1,,,,Y
SIMTECH,EQ_WAFER_177,FAB,2,EG_WAFER_24,3,,,,,,1,8.1,,,1,,,,Y
SIMTECH,EQ_WAFER_178,FAB,2,EG_WAFER_24,3,,,,,,1,8.1,,,1,,,,Y
SIMTECH,EQ_WAFER_179,FAB,2,EG_WAFER_24,3,,,,,,1,8.1,,,1,,,,Y
SIMTECH,EQ_LOT_44,FAB,2,EG_LOT_11,2,,,,,,1,0,,,1,,,,Y
SIMTECH,EQ_WAFER_389,FAB,2,EG_WAFER_71,3,,,,,,1,0.4,,,1,,,,Y
SIMTECH,EQ_LOT_75,FAB,1,EG_LOT_20,2,,,,,,1,0.4,,,1,,,,Y
SIMTECH,EQ_LOT_27,FAB,8,EG_LOT_9,2,,,,,,1,0.4,,,1,,,,Y
SIMTECH,EQ_BATCH_364,FAB,9,EG_BATCH_17,3,323,430,13,25,,1,15.4,,,1,Y,1,0.1,Y
SIMTECH,EQ_BATCH_365,FAB,9,EG_BATCH_17,3,323,430,13,25,,1,15.4,,,1,Y,1,0.1,Y
SIMTECH,EQ_BATCH_366,FAB,9,EG_BATCH_17,3,323,430,13,25,,1,15.4,,,1,Y,1,0.1,Y
SIMTECH,EQ_BATCH_367,FAB,9,EG_BATCH_17,3,75,120,13,25,,1,15.4,,,1,Y,1,0.1,Y
SIMTECH,EQ_BATCH_368,FAB,2,EG_BATCH_17,3,75,100,13,25,,1,15.4,,,1,Y,1,0.1,Y
SIMTECH,EQ_BATCH_336,FAB,3,EG_BATCH_12,2,61,81,100,225,,1,18,,,1,Y,1,0.1,Y
SIMTECH,EQ_BATCH_337,FAB,2,EG_BATCH_12,2,61,81,150,300,,1,18,,,1,Y,1,0.1,Y
SIMTECH,EQ_BATCH_338,FAB,2,EG_BATCH_12,2,61,81,150,300,,1,18,,,1,Y,1,0.1,Y
SIMTECH,EQ_WAFER_383,FAB,7,EG_WAFER_68,3,,,,,,1,0,,,1,,,,Y
SIMTECH,EQ_WAFER_384,FAB,7,EG_WAFER_68,3,,,,,,1,0,,,1,,,,Y
SIMTECH,EQ_WAFER_385,FAB,11,EG_WAFER_68,3,,,,,,1,0,,,1,,,,Y
SIMTECH,EQ_WAFER_386,FAB,7,EG_WAFER_68,3,,,,,,1,0,,,1,,,,Y
SIMTECH,EQ_BATCH_1,FAB,2,EG_BATCH_1,2,9,12,25,50,,1,0.4,,,1,Y,1,0.1,Y
SIMTECH,EQ_BATCH_127,FAB,2,EG_BATCH_4,2,142,189,75,150,,1,18,,,1,Y,1,0.1,Y
SIMTECH,EQ_BATCH_128,FAB,2,EG_BATCH_4,2,79,106,50,100,,1,18,,,1,Y,1,0.1,Y
SIMTECH,EQ_WAFER_309,FAB,3,EG_WAFER_53,3,,,,,,1,0,,,1,,,,Y
SIMTECH,EQ_LOT_11,FAB,17,EG_LOT_5,2,,,,,,1,0.4,,,1,,,,Y
SIMTECH,EQ_LOT_12,FAB,17,EG_LOT_5,2,,,,,,1,0.4,,,1,,,,Y
SIMTECH,EQ_WAFER_57,FAB,8,EG_WAFER_8,3,,,,,,1,0.4,,,1,,,,Y
SIMTECH,EQ_LOT_52,FAB,1,EG_LOT_13,2,,,,,,1,5.092,,,1,,,,Y
SIMTECH,EQ_BATCH_369,FAB,2,EG_BATCH_18,3,35,47,13,25,,1,10,,,1,Y,1,0.1,Y
SIMTECH,EQ_BATCH_370,FAB,2,EG_BATCH_18,3,35,47,13,25,,1,10,,,1,Y,1,0.1,Y
SIMTECH,EQ_WAFER_517,FAB,132,EG_WAFER_92,3,,,,,,1,0.4,,,1,,,,Y
SIMTECH,EQ_WAFER_518,FAB,132,EG_WAFER_92,3,,,,,,1,0.4,,,1,,,,Y
SIMTECH,EQ_WAFER_410,FAB,11,EG_WAFER_77,3,,,,,,1,5.44,,,1,,,,Y
SIMTECH,EQ_WAFER_411,FAB,11,EG_WAFER_77,3,,,,,,1,5.44,,,1,,,,Y
SIMTECH,EQ_WAFER_412,FAB,2,EG_WAFER_77,3,,,,,,1,5.44,,,1,,,,Y
SIMTECH,EQ_WAFER_413,FAB,5,EG_WAFER_77,3,,,,,,1,5.44,,,1,,,,Y
SIMTECH,EQ_WAFER_483,FAB,2,EG_WAFER_88,3,,,,,,1,0.4,,,1,,,,Y
SIMTECH,EQ_WAFER_200,FAB,1,EG_WAFER_27,3,,,,,,1,2,,,1,,,,Y
SIMTECH,EQ_WAFER_201,FAB,32,EG_WAFER_27,3,,,,,,1,2,,,1,,,,Y
SIMTECH,EQ_WAFER_187,FAB,32,EG_WAFER_26,3,,,,,,1,3,,,1,,,,Y
SIMTECH,EQ_WAFER_619,FAB,42,EG_WAFER_102,3,,,,,,1,8.72,,,1,,,,Y
SIMTECH,EQ_WAFER_582,FAB,3,EG_WAFER_97,3,,,,,,1,7.16,,,1,,,,Y
SIMTECH,EQ_WAFER_583,FAB,3,EG_WAFER_97,3,,,,,,1,7.16,,,1,,,,Y
SIMTECH,EQ_WAFER_584,FAB,3,EG_WAFER_97,3,,,,,,1,7.16,,,1,,,,Y
SIMTECH,EQ_WAFER_585,FAB,3,EG_WAFER_97,3,,,,,,1,7.16,,,1,,,,Y
SIMTECH,EQ_WAFER_387,FAB,15,EG_WAFER_70,3,,,,,,1,0.4,,,1,,,,Y
SIMTECH,EQ_WAFER_620,FAB,18,EG_WAFER_102,3,,,,,,1,8.72,,,1,,,,Y
SIMTECH,EQ_BATCH_340,FAB,19,EG_BATCH_14,2,117,156,13,150,,1,0,,,1,Y,1,0.1,Y
SIMTECH,EQ_BATCH_341,FAB,2,EG_BATCH_14,2,117,156,13,150,,1,0,,,1,Y,1,0.1,Y
SIMTECH,EQ_WAFER_414,FAB,11,EG_WAFER_76,3,,,,,,1,14.6,,,1,,,,Y
SIMTECH,EQ_WAFER_445,FAB,16,EG_BATCH_22,3,,,,,,1,0.4,,,1,,,,Y
SIMTECH,EQ_WAFER_85,FAB,4,EG_WAFER_12,3,,,,,,1,18,,,1,,,,Y
SIMTECH,EQ_WAFER_69,FAB,100,EG_WAFER_11,3,,,,,,1,7.14,,,1,,,,Y
SIMTECH,EQ_WAFER_70,FAB,4,EG_WAFER_11,3,,,,,,1,7.14,,,1,,,,Y
SIMTECH,EQ_WAFER_71,FAB,100,EG_WAFER_11,3,,,,,,1,7.14,,,1,,,,Y
SIMTECH,EQ_WAFER_72,FAB,100,EG_WAFER_11,3,,,,,,1,7.14,,,1,,,,Y
SIMTECH,EQ_WAFER_73,FAB,4,EG_WAFER_11,3,,,,,,1,7.14,,,1,,,,Y
SIMTECH,EQ_WAFER_74,FAB,100,EG_WAFER_11,3,,,,,,1,7.14,,,1,,,,Y
SIMTECH,EQ_WAFER_75,FAB,4,EG_WAFER_11,3,,,,,,1,7.14,,,1,,,,Y
SIMTECH,EQ_WAFER_86,FAB,3,EG_WAFER_12,3,,,,,,1,18,,,1,,,,Y
SIMTECH,EQ_WAFER_76,FAB,4,EG_WAFER_11,3,,,,,,1,7.14,,,1,,,,Y
SIMTECH,EQ_WAFER_77,FAB,4,EG_WAFER_11,3,,,,,,1,7.14,,,1,,,,Y
SIMTECH,EQ_WAFER_78,FAB,4,EG_WAFER_11,3,,,,,,1,7.14,,,1,,,,Y
SIMTECH,EQ_WAFER_79,FAB,4,EG_WAFER_11,3,,,,,,1,7.14,,,1,,,,Y
SIMTECH,EQ_WAFER_80,FAB,4,EG_WAFER_11,3,,,,,,1,7.14,,,1,,,,Y
SIMTECH,EQ_WAFER_81,FAB,34,EG_WAFER_11,3,,,,,,1,7.14,,,1,,,,Y
SIMTECH,EQ_WAFER_82,FAB,4,EG_WAFER_11,3,,,,,,1,7.14,,,1,,,,Y
SIMTECH,EQ_WAFER_83,FAB,4,EG_WAFER_11,3,,,,,,1,7.14,,,1,,,,Y
SIMTECH,EQ_WAFER_84,FAB,4,EG_WAFER_11,3,,,,,,1,7.14,,,1,,,,Y
SIMTECH,EQ_WAFER_87,FAB,4,EG_WAFER_12,3,,,,,,1,18,,,1,,,,Y
SIMTECH,EQ_WAFER_257,FAB,2,EG_WAFER_42,3,,,,,,1,0.4,,,1,,,,Y
SIMTECH,EQ_WAFER_44,FAB,52,EG_WAFER_9,3,,,,,,1,1,,,1,,,,Y
SIMTECH,EQ_WAFER_45,FAB,52,EG_WAFER_9,3,,,,,,1,1,,,1,,,,Y
SIMTECH,EQ_WAFER_46,FAB,52,EG_WAFER_9,3,,,,,,1,1,,,1,,,,Y
SIMTECH,EQ_WAFER_47,FAB,52,EG_WAFER_9,3,,,,,,1,1,,,1,,,,Y
SIMTECH,EQ_WAFER_48,FAB,52,EG_WAFER_9,3,,,,,,1,1,,,1,,,,Y
SIMTECH,EQ_WAFER_49,FAB,52,EG_WAFER_9,3,,,,,,1,1,,,1,,,,Y
SIMTECH,EQ_WAFER_50,FAB,52,EG_WAFER_9,3,,,,,,1,1,,,1,,,,Y
SIMTECH,EQ_WAFER_51,FAB,52,EG_WAFER_9,3,,,,,,1,1,,,1,,,,Y
SIMTECH,EQ_WAFER_52,FAB,52,EG_WAFER_9,3,,,,,,1,1,,,1,,,,Y
SIMTECH,EQ_WAFER_53,FAB,52,EG_WAFER_9,3,,,,,,1,1,,,1,,,,Y
SIMTECH,EQ_WAFER_54,FAB,26,EG_WAFER_9,3,,,,,,1,1,,,1,,,,Y
SIMTECH,EQ_WAFER_55,FAB,26,EG_WAFER_9,3,,,,,,1,1,,,1,,,,Y
SIMTECH,EQ_WAFER_56,FAB,20,EG_WAFER_9,3,,,,,,1,1,,,1,,,,Y
SIMTECH,EQ_WAFER_271,FAB,46,EG_WAFER_47,3,,,,,,1,4.76,,,1,,,,Y
SIMTECH,EQ_WAFER_272,FAB,33,EG_WAFER_47,3,,,,,,1,4.76,,,1,,,,Y
SIMTECH,EQ_WAFER_273,FAB,33,EG_WAFER_47,3,,,,,,1,4.76,,,1,,,,Y
SIMTECH,EQ_WAFER_376,FAB,11,EG_WAFER_69,3,,,,,,1,0,,,1,,,,Y
SIMTECH,EQ_WAFER_377,FAB,11,EG_WAFER_69,3,,,,,,1,0,,,1,,,,Y
SIMTECH,EQ_WAFER_378,FAB,11,EG_WAFER_69,3,,,,,,1,0,,,1,,,,Y
SIMTECH,EQ_WAFER_379,FAB,7,EG_WAFER_69,3,,,,,,1,0,,,1,,,,Y
SIMTECH,EQ_WAFER_274,FAB,33,EG_WAFER_47,3,,,,,,1,4.76,,,1,,,,Y
SIMTECH,EQ_WAFER_380,FAB,7,EG_WAFER_69,3,,,,,,1,0,,,1,,,,Y
SIMTECH,EQ_WAFER_381,FAB,7,EG_WAFER_69,3,,,,,,1,0,,,1,,,,Y
SIMTECH,EQ_WAFER_299,FAB,178,EG_WAFER_52,3,,,,,,1,16.22,,,1,,,,Y
SIMTECH,EQ_WAFER_300,FAB,44,EG_WAFER_52,3,,,,,,1,16.22,,,1,,,,Y
SIMTECH,EQ_WAFER_301,FAB,33,EG_WAFER_52,3,,,,,,1,16.22,,,1,,,,Y
SIMTECH,EQ_WAFER_302,FAB,44,EG_WAFER_52,3,,,,,,1,16.22,,,1,,,,Y
SIMTECH,EQ_WAFER_303,FAB,33,EG_WAFER_52,3,,,,,,1,16.22,,,1,,,,Y
SIMTECH,EQ_WAFER_304,FAB,33,EG_WAFER_52,3,,,,,,1,16.22,,,1,,,,Y
SIMTECH,EQ_WAFER_305,FAB,4,EG_WAFER_52,3,,,,,,1,16.22,,,1,,,,Y
SIMTECH,EQ_WAFER_651,FAB,19,EG_WAFER_108,3,,,,,,1,0.4,,,1,,,,Y
SIMTECH,EQ_WAFER_652,FAB,19,EG_WAFER_108,3,,,,,,1,0.4,,,1,,,,Y
SIMTECH,EQ_WAFER_653,FAB,10,EG_WAFER_108,3,,,,,,1,0.4,,,1,,,,Y
SIMTECH,EQ_WAFER_310,FAB,5,EG_WAFER_53,3,,,,,,1,0,,,1,,,,Y
SIMTECH,EQ_WAFER_311,FAB,5,EG_WAFER_53,3,,,,,,1,0,,,1,,,,Y
SIMTECH,EQ_WAFER_312,FAB,5,EG_WAFER_53,3,,,,,,1,0,,,1,,,,Y
SIMTECH,EQ_WAFER_313,FAB,44,EG_WAFER_53,3,,,,,,1,0,,,1,,,,Y
SIMTECH,EQ_WAFER_314,FAB,5,EG_WAFER_53,3,,,,,,1,0,,,1,,,,Y
SIMTECH,EQ_WAFER_315,FAB,5,EG_WAFER_53,3,,,,,,1,0,,,1,,,,Y
SIMTECH,EQ_WAFER_316,FAB,5,EG_WAFER_53,3,,,,,,1,0,,,1,,,,Y
SIMTECH,EQ_WAFER_317,FAB,5,EG_WAFER_53,3,,,,,,1,0,,,1,,,,Y
SIMTECH,EQ_WAFER_318,FAB,5,EG_WAFER_53,3,,,,,,1,0,,,1,,,,Y
SIMTECH,EQ_WAFER_319,FAB,5,EG_WAFER_53,3,,,,,,1,0,,,1,,,,Y
SIMTECH,EQ_WAFER_320,FAB,5,EG_WAFER_53,3,,,,,,1,0,,,1,,,,Y
SIMTECH,EQ_WAFER_321,FAB,5,EG_WAFER_53,3,,,,,,1,0,,,1,,,,Y
SIMTECH,EQ_WAFER_322,FAB,5,EG_WAFER_53,3,,,,,,1,0,,,1,,,,Y
SIMTECH,EQ_WAFER_323,FAB,5,EG_WAFER_53,3,,,,,,1,0,,,1,,,,Y
SIMTECH,EQ_WAFER_324,FAB,5,EG_WAFER_53,3,,,,,,1,0,,,1,,,,Y
SIMTECH,EQ_WAFER_325,FAB,5,EG_WAFER_53,3,,,,,,1,0,,,1,,,,Y
SIMTECH,EQ_WAFER_326,FAB,5,EG_WAFER_53,3,,,,,,1,0,,,1,,,,Y
SIMTECH,EQ_WAFER_327,FAB,5,EG_WAFER_53,3,,,,,,1,0,,,1,,,,Y
SIMTECH,EQ_WAFER_328,FAB,5,EG_WAFER_53,3,,,,,,1,0,,,1,,,,Y
SIMTECH,EQ_WAFER_329,FAB,5,EG_WAFER_53,3,,,,,,1,0,,,1,,,,Y
SIMTECH,EQ_WAFER_330,FAB,6,EG_WAFER_54,3,,,,,,1,2,,,1,,,,Y
SIMTECH,EQ_WAFER_331,FAB,5,EG_WAFER_54,3,,,,,,1,2,,,1,,,,Y
SIMTECH,EQ_WAFER_28,FAB,23,EG_WAFER_5,3,,,,,,1,2,,,1,,,,Y
SIMTECH,EQ_WAFER_29,FAB,15,EG_WAFER_5,3,,,,,,1,2,,,1,,,,Y
SIMTECH,EQ_WAFER_30,FAB,7,EG_WAFER_5,3,,,,,,1,2,,,1,,,,Y
SIMTECH,EQ_WAFER_31,FAB,23,EG_WAFER_5,3,,,,,,1,2,,,1,,,,Y
SIMTECH,EQ_WAFER_32,FAB,23,EG_WAFER_5,3,,,,,,1,2,,,1,,,,Y
SIMTECH,EQ_WAFER_33,FAB,8,EG_WAFER_5,3,,,,,,1,2,,,1,,,,Y
SIMTECH,EQ_WAFER_34,FAB,7,EG_WAFER_5,3,,,,,,1,2,,,1,,,,Y
SIMTECH,EQ_WAFER_35,FAB,23,EG_WAFER_5,3,,,,,,1,2,,,1,,,,Y
SIMTECH,EQ_WAFER_36,FAB,7,EG_WAFER_5,3,,,,,,1,2,,,1,,,,Y
SIMTECH,EQ_WAFER_37,FAB,23,EG_WAFER_5,3,,,,,,1,2,,,1,,,,Y
SIMTECH,EQ_WAFER_38,FAB,65,EG_WAFER_5,3,,,,,,1,2,,,1,,,,Y
SIMTECH,EQ_WAFER_39,FAB,23,EG_WAFER_5,3,,,,,,1,2,,,1,,,,Y
SIMTECH,EQ_WAFER_40,FAB,7,EG_WAFER_5,3,,,,,,1,2,,,1,,,,Y
SIMTECH,EQ_WAFER_41,FAB,9,EG_WAFER_5,3,,,,,,1,2,,,1,,,,Y
SIMTECH,EQ_WAFER_534,FAB,3,EG_WAFER_95,3,,,,,,1,0,,,1,,,,Y
SIMTECH,EQ_WAFER_535,FAB,5,EG_WAFER_95,3,,,,,,1,0,,,1,,,,Y
SIMTECH,EQ_WAFER_536,FAB,4,EG_WAFER_95,3,,,,,,1,0,,,1,,,,Y
SIMTECH,EQ_WAFER_537,FAB,3,EG_WAFER_95,3,,,,,,1,0,,,1,,,,Y
SIMTECH,EQ_WAFER_538,FAB,4,EG_WAFER_95,3,,,,,,1,0,,,1,,,,Y
SIMTECH,EQ_WAFER_539,FAB,5,EG_WAFER_95,3,,,,,,1,0,,,1,,,,Y
SIMTECH,EQ_WAFER_540,FAB,5,EG_WAFER_95,3,,,,,,1,0,,,1,,,,Y
SIMTECH,EQ_WAFER_541,FAB,4,EG_WAFER_95,3,,,,,,1,0,,,1,,,,Y
SIMTECH,EQ_WAFER_542,FAB,3,EG_WAFER_95,3,,,,,,1,0,,,1,,,,Y
SIMTECH,EQ_LOT_78,FAB,19,EG_LOT_21,2,,,,,,1,3,,,1,,,,Y
SIMTECH,EQ_LOT_79,FAB,19,EG_LOT_21,2,,,,,,1,3,,,1,,,,Y
SIMTECH,EQ_LOT_80,FAB,6,EG_LOT_21,2,,,,,,1,3,,,1,,,,Y
SIMTECH,EQ_LOT_81,FAB,18,EG_LOT_21,2,,,,,,1,3,,,1,,,,Y
SIMTECH,EQ_LOT_82,FAB,22,EG_LOT_21,2,,,,,,1,3,,,1,,,,Y
SIMTECH,EQ_LOT_83,FAB,22,EG_LOT_21,2,,,,,,1,3,,,1,,,,Y
SIMTECH,EQ_LOT_84,FAB,18,EG_LOT_21,2,,,,,,1,3,,,1,,,,Y
SIMTECH,EQ_LOT_85,FAB,6,EG_LOT_21,2,,,,,,1,3,,,1,,,,Y
SIMTECH,EQ_LOT_86,FAB,18,EG_LOT_21,2,,,,,,1,3,,,1,,,,Y
SIMTECH,EQ_LOT_87,FAB,19,EG_LOT_21,2,,,,,,1,3,,,1,,,,Y
SIMTECH,EQ_LOT_88,FAB,6,EG_LOT_21,2,,,,,,1,3,,,1,,,,Y
SIMTECH,EQ_LOT_89,FAB,6,EG_LOT_21,2,,,,,,1,3,,,1,,,,Y
SIMTECH,EQ_LOT_90,FAB,19,EG_LOT_21,2,,,,,,1,3,,,1,,,,Y
SIMTECH,EQ_LOT_91,FAB,6,EG_LOT_21,2,,,,,,1,3,,,1,,,,Y
SIMTECH,EQ_LOT_92,FAB,6,EG_LOT_21,2,,,,,,1,3,,,1,,,,Y
SIMTECH,EQ_LOT_93,FAB,18,EG_LOT_21,2,,,,,,1,3,,,1,,,,Y
SIMTECH,EQ_LOT_94,FAB,6,EG_LOT_21,2,,,,,,1,3,,,1,,,,Y
SIMTECH,EQ_LOT_95,FAB,6,EG_LOT_21,2,,,,,,1,3,,,1,,,,Y
SIMTECH,EQ_LOT_96,FAB,19,EG_LOT_21,2,,,,,,1,3,,,1,,,,Y
SIMTECH,EQ_LOT_97,FAB,6,EG_LOT_21,2,,,,,,1,3,,,1,,,,Y
SIMTECH,EQ_LOT_98,FAB,6,EG_LOT_21,2,,,,,,1,3,,,1,,,,Y
SIMTECH,EQ_LOT_99,FAB,6,EG_LOT_21,2,,,,,,1,3,,,1,,,,Y
SIMTECH,EQ_LOT_100,FAB,6,EG_LOT_21,2,,,,,,1,3,,,1,,,,Y
SIMTECH,EQ_LOT_101,FAB,6,EG_LOT_21,2,,,,,,1,3,,,1,,,,Y
SIMTECH,EQ_LOT_102,FAB,19,EG_LOT_21,2,,,,,,1,3,,,1,,,,Y
SIMTECH,EQ_LOT_103,FAB,6,EG_LOT_21,2,,,,,,1,3,,,1,,,,Y
SIMTECH,EQ_LOT_104,FAB,6,EG_LOT_21,2,,,,,,1,3,,,1,,,,Y
SIMTECH,EQ_LOT_105,FAB,5,EG_LOT_21,2,,,,,,1,3,,,1,,,,Y
SIMTECH,EQ_LOT_106,FAB,29,EG_LOT_21,2,,,,,,1,3,,,1,,,,Y
SIMTECH,EQ_WAFER_341,FAB,29,EG_LOT_21,3,,,,,,1,3,,,1,,,,Y
SIMTECH,EQ_LOT_107,FAB,29,EG_LOT_21,2,,,,,,1,3,,,1,,,,Y
SIMTECH,EQ_WAFER_357,FAB,45,EG_WAFER_64,3,,,,,,1,6.78,,,1,,,,Y
SIMTECH,EQ_WAFER_358,FAB,7,EG_WAFER_64,3,,,,,,1,6.78,,,1,,,,Y
SIMTECH,EQ_WAFER_359,FAB,30,EG_WAFER_64,3,,,,,,1,6.78,,,1,,,,Y
SIMTECH,EQ_WAFER_360,FAB,6,EG_WAFER_64,3,,,,,,1,6.78,,,1,,,,Y
SIMTECH,EQ_WAFER_43,FAB,9,EG_WAFER_7,3,,,,,,1,16.9,,,1,,,,Y
SIMTECH,EQ_WAFER_595,FAB,2,EG_WAFER_99,3,,,,,,1,7.3,,,1,,,,Y
SIMTECH,EQ_WAFER_390,FAB,4,EG_WAFER_72,3,,,,,,1,3.4,,,1,,,,Y
SIMTECH,EQ_WAFER_391,FAB,4,EG_WAFER_72,3,,,,,,1,3.4,,,1,,,,Y
SIMTECH,EQ_WAFER_392,FAB,3,EG_WAFER_72,3,,,,,,1,3.4,,,1,,,,Y
SIMTECH,EQ_WAFER_393,FAB,4,EG_WAFER_72,3,,,,,,1,3.4,,,1,,,,Y
SIMTECH,EQ_WAFER_261,FAB,7,EG_WAFER_45,3,,,,,,1,7.69,,,1,,,,Y
SIMTECH,EQ_WAFER_262,FAB,3,EG_WAFER_45,3,,,,,,1,7.69,,,1,,,,Y
SIMTECH,EQ_WAFER_263,FAB,3,EG_WAFER_45,3,,,,,,1,7.69,,,1,,,,Y
SIMTECH,EQ_WAFER_339,FAB,2,EG_WAFER_58,3,,,,,,1,,,,1,,,,Y
SIMTECH,EQ_WAFER_168,FAB,2,EG_WAFER_25,3,,,,,,1,0.4,,,1,,,,Y
SIMTECH,EQ_WAFER_169,FAB,2,EG_WAFER_25,3,,,,,,1,0.4,,,1,,,,Y
SIMTECH,EQ_WAFER_170,FAB,2,EG_WAFER_25,3,,,,,,1,0.4,,,1,,,,Y
SIMTECH,EQ_WAFER_171,FAB,2,EG_WAFER_25,3,,,,,,1,0.4,,,1,,,,Y
SIMTECH,EQ_WAFER_172,FAB,2,EG_WAFER_25,3,,,,,,1,0.4,,,1,,,,Y
SIMTECH,EQ_WAFER_173,FAB,2,EG_WAFER_25,3,,,,,,1,0.4,,,1,,,,Y
SIMTECH,EQ_WAFER_174,FAB,26,EG_WAFER_25,3,,,,,,1,0.4,,,1,,,,Y
SIMTECH,EQ_WAFER_175,FAB,26,EG_WAFER_25,3,,,,,,1,0.4,,,1,,,,Y
SIMTECH,EQ_WAFER_176,FAB,32,EG_WAFER_25,3,,,,,,1,0.4,,,1,,,,Y
SIMTECH,EQ_WAFER_135,FAB,8,EG_WAFER_23,3,,,,,,1,1,,,1,,,,Y
SIMTECH,EQ_WAFER_136,FAB,8,EG_WAFER_23,3,,,,,,1,1,,,1,,,,Y
SIMTECH,EQ_WAFER_137,FAB,4,EG_WAFER_23,3,,,,,,1,1,,,1,,,,Y
SIMTECH,EQ_WAFER_138,FAB,4,EG_WAFER_23,3,,,,,,1,1,,,1,,,,Y
SIMTECH,EQ_WAFER_139,FAB,4,EG_WAFER_23,3,,,,,,1,1,,,1,,,,Y
SIMTECH,EQ_WAFER_140,FAB,4,EG_WAFER_23,3,,,,,,1,1,,,1,,,,Y
SIMTECH,EQ_WAFER_141,FAB,7,EG_WAFER_23,3,,,,,,1,1,,,1,,,,Y
SIMTECH,EQ_WAFER_142,FAB,7,EG_WAFER_23,3,,,,,,1,1,,,1,,,,Y
SIMTECH,EQ_WAFER_143,FAB,4,EG_WAFER_23,3,,,,,,1,1,,,1,,,,Y
SIMTECH,EQ_WAFER_144,FAB,7,EG_WAFER_23,3,,,,,,1,1,,,1,,,,Y
SIMTECH,EQ_WAFER_145,FAB,7,EG_WAFER_23,3,,,,,,1,1,,,1,,,,Y
SIMTECH,EQ_WAFER_146,FAB,7,EG_WAFER_23,3,,,,,,1,1,,,1,,,,Y
SIMTECH,EQ_WAFER_147,FAB,7,EG_WAFER_23,3,,,,,,1,1,,,1,,,,Y
SIMTECH,EQ_WAFER_148,FAB,7,EG_WAFER_23,3,,,,,,1,1,,,1,,,,Y
SIMTECH,EQ_WAFER_149,FAB,6,EG_WAFER_23,3,,,,,,1,1,,,1,,,,Y
SIMTECH,EQ_WAFER_150,FAB,6,EG_WAFER_23,3,,,,,,1,1,,,1,,,,Y
SIMTECH,EQ_WAFER_151,FAB,6,EG_WAFER_23,3,,,,,,1,1,,,1,,,,Y
SIMTECH,EQ_WAFER_152,FAB,6,EG_WAFER_23,3,,,,,,1,1,,,1,,,,Y
SIMTECH,EQ_WAFER_153,FAB,6,EG_WAFER_23,3,,,,,,1,1,,,1,,,,Y
SIMTECH,EQ_WAFER_154,FAB,7,EG_WAFER_23,3,,,,,,1,1,,,1,,,,Y
SIMTECH,EQ_WAFER_155,FAB,7,EG_WAFER_23,3,,,,,,1,1,,,1,,,,Y
SIMTECH,EQ_WAFER_156,FAB,7,EG_WAFER_23,3,,,,,,1,1,,,1,,,,Y
SIMTECH,EQ_WAFER_157,FAB,7,EG_WAFER_23,3,,,,,,1,1,,,1,,,,Y
SIMTECH,EQ_WAFER_158,FAB,7,EG_WAFER_23,3,,,,,,1,1,,,1,,,,Y
SIMTECH,EQ_WAFER_159,FAB,6,EG_WAFER_23,3,,,,,,1,1,,,1,,,,Y
SIMTECH,EQ_WAFER_160,FAB,6,EG_WAFER_23,3,,,,,,1,1,,,1,,,,Y
SIMTECH,EQ_WAFER_161,FAB,7,EG_WAFER_23,3,,,,,,1,1,,,1,,,,Y
SIMTECH,EQ_WAFER_162,FAB,7,EG_WAFER_23,3,,,,,,1,1,,,1,,,,Y
SIMTECH,EQ_WAFER_163,FAB,7,EG_WAFER_23,3,,,,,,1,1,,,1,,,,Y
SIMTECH,EQ_WAFER_164,FAB,6,EG_WAFER_23,3,,,,,,1,1,,,1,,,,Y
SIMTECH,EQ_WAFER_165,FAB,7,EG_WAFER_23,3,,,,,,1,1,,,1,,,,Y
SIMTECH,EQ_WAFER_166,FAB,6,EG_WAFER_23,3,,,,,,1,1,,,1,,,,Y
SIMTECH,EQ_WAFER_167,FAB,3,EG_WAFER_23,3,,,,,,1,1,,,1,,,,Y
SIMTECH,EQ_WAFER_134,FAB,3,EG_WAFER_22,3,,,,,,1,0.4,,,1,,,,Y
SIMTECH,EQ_WAFER_396,FAB,210,EG_WAFER_73,3,,,,,,1,0.4,,,1,,,,Y
SIMTECH,EQ_WAFER_203,FAB,7,EG_WAFER_29,3,,,,,,1,0.4,,,1,,,,Y
SIMTECH,EQ_WAFER_204,FAB,7,EG_WAFER_29,3,,,,,,1,0.4,,,1,,,,Y
SIMTECH,EQ_WAFER_484,FAB,2,EG_WAFER_89,3,,,,,,1,0,,,1,,,,Y
SIMTECH,EQ_WAFER_275,FAB,1,EG_WAFER_48,3,,,,,,1,0.4,,,1,,,,Y
SIMTECH,EQ_WAFER_276,FAB,1,EG_WAFER_48,3,,,,,,1,0.4,,,1,,,,Y
SIMTECH,EQ_WAFER_277,FAB,1,EG_WAFER_48,3,,,,,,1,0.4,,,1,,,,Y
SIMTECH,EQ_WAFER_278,FAB,1,EG_WAFER_48,3,,,,,,1,0.4,,,1,,,,Y
SIMTECH,EQ_WAFER_279,FAB,1,EG_WAFER_48,3,,,,,,1,0.4,,,1,,,,Y
SIMTECH,EQ_WAFER_280,FAB,2,EG_WAFER_48,3,,,,,,1,0.4,,,1,,,,Y
SIMTECH,EQ_WAFER_654,FAB,2,EG_WAFER_108,3,,,,,,1,0.4,,,1,,,,Y
SIMTECH,EQ_WAFER_485,FAB,44,EG_WAFER_90,3,,,,,,1,5.48,,,1,,,,Y
SIMTECH,EQ_WAFER_486,FAB,44,EG_WAFER_90,3,,,,,,1,5.48,,,1,,,,Y
SIMTECH,EQ_WAFER_487,FAB,44,EG_WAFER_90,3,,,,,,1,5.48,,,1,,,,Y
SIMTECH,EQ_WAFER_488,FAB,44,EG_WAFER_90,3,,,,,,1,5.48,,,1,,,,Y
SIMTECH,EQ_WAFER_489,FAB,6,EG_WAFER_90,3,,,,,,1,5.48,,,1,,,,Y
SIMTECH,EQ_WAFER_666,FAB,2,EG_WAFER_110,3,,,,,,1,0.4,,,1,,,,Y
SIMTECH,EQ_WAFER_667,FAB,2,EG_WAFER_110,3,,,,,,1,0.4,,,1,,,,Y
SIMTECH,EQ_LOT_147,FAB,2,EG_LOT_37,2,,,,,,1,16.2,,,1,,,,Y
SIMTECH,EQ_LOT_148,FAB,2,EG_LOT_37,2,,,,,,1,16.2,,,1,,,,Y
SIMTECH,EQ_WAFER_340,FAB,2,EG_WAFER_59,3,,,,,,1,0,,,1,,,,Y
SIMTECH,EQ_WAFER_281,FAB,3,EG_WAFER_49,3,,,,,,1,0.4,,,1,,,,Y
SIMTECH,EQ_WAFER_282,FAB,3,EG_WAFER_49,3,,,,,,1,0.4,,,1,,,,Y
SIMTECH,EQ_WAFER_283,FAB,3,EG_WAFER_49,3,,,,,,1,0.4,,,1,,,,Y
SIMTECH,EQ_WAFER_284,FAB,3,EG_WAFER_49,3,,,,,,1,0.4,,,1,,,,Y
SIMTECH,EQ_WAFER_285,FAB,3,EG_WAFER_49,3,,,,,,1,0.4,,,1,,,,Y
SIMTECH,EQ_WAFER_286,FAB,3,EG_WAFER_49,3,,,,,,1,0.4,,,1,,,,Y
SIMTECH,EQ_WAFER_521,FAB,2,EG_WAFER_94,3,,,,,,1,0,,,1,,,,Y
SIMTECH,EQ_WAFER_472,FAB,3,EG_WAFER_86,3,,,,,,1,0,,,1,,,,Y
SIMTECH,EQ_BATCH_342,FAB,27,EG_BATCH_14,2,136,181,25,90,,1,0,,,1,Y,1,0.1,Y
SIMTECH,EQ_BATCH_343,FAB,2,EG_BATCH_14,2,131,175,50,101,,1,0,,,1,Y,1,0.1,Y
SIMTECH,EQ_BATCH_344,FAB,2,EG_BATCH_14,2,139,185,25,140,,1,0,,,1,Y,1,0.1,Y
SIMTECH,EQ_BATCH_345,FAB,2,EG_BATCH_14,2,103,137,25,140,,1,0,,,1,Y,1,0.1,Y
SIMTECH,EQ_BATCH_346,FAB,2,EG_BATCH_14,2,85,113,25,91,,1,0,,,1,Y,1,0.1,Y
SIMTECH,EQ_BATCH_347,FAB,2,EG_BATCH_14,2,260,346,50,101,,1,0,,,1,Y,1,0.1,Y
SIMTECH,EQ_BATCH_357,FAB,2,EG_BATCH_16,2,21,28,50,100,,1,6.72,,,1,Y,1,0.1,Y
SIMTECH,EQ_BATCH_358,FAB,2,EG_BATCH_16,2,21,28,50,100,,1,6.72,,,1,Y,1,0.1,Y
SIMTECH,EQ_WAFER_222,FAB,7,EG_WAFER_33,5,,,,,13,1,2,,,1,,,,Y
SIMTECH,EQ_WAFER_223,FAB,7,EG_WAFER_33,5,,,,,13,1,2,,,1,,,,Y
SIMTECH,EQ_WAFER_224,FAB,7,EG_WAFER_33,5,,,,,13,1,2,,,1,,,,Y
SIMTECH,EQ_WAFER_225,FAB,7,EG_WAFER_33,5,,,,,13,1,2,,,1,,,,Y
SIMTECH,EQ_WAFER_226,FAB,7,EG_WAFER_33,5,,,,,13,1,2,,,1,,,,Y
SIMTECH,EQ_WAFER_227,FAB,7,EG_WAFER_33,5,,,,,13,1,2,,,1,,,,Y
SIMTECH,EQ_WAFER_228,FAB,7,EG_WAFER_33,5,,,,,13,1,2,,,1,,,,Y
SIMTECH,EQ_WAFER_229,FAB,7,EG_WAFER_33,5,,,,,13,1,2,,,1,,,,Y
SIMTECH,EQ_WAFER_230,FAB,7,EG_WAFER_33,5,,,,,13,1,2,,,1,,,,Y
SIMTECH,EQ_WAFER_231,FAB,7,EG_WAFER_33,5,,,,,13,1,2,,,1,,,,Y
SIMTECH,EQ_WAFER_232,FAB,5,EG_WAFER_33,5,,,,,,1,2,,,1,,,,Y
SIMTECH,EQ_WAFER_233,FAB,5,EG_WAFER_33,3,,,,,,1,2,,,1,,,,Y
SIMTECH,EQ_WAFER_234,FAB,5,EG_WAFER_33,3,,,,,,1,2,,,1,,,,Y
SIMTECH,EQ_WAFER_235,FAB,5,EG_WAFER_33,3,,,,,,1,2,,,1,,,,Y
SIMTECH,EQ_WAFER_655,FAB,350,EG_WAFER_109,5,,,,,13,1,9.104,,,1,,,,Y
SIMTECH,EQ_WAFER_656,FAB,350,EG_WAFER_109,5,,,,,13,1,9.104,,,1,,,,Y
SIMTECH,EQ_WAFER_657,FAB,350,EG_WAFER_109,5,,,,,13,1,9.104,,,1,,,,Y
SIMTECH,EQ_WAFER_658,FAB,12,EG_WAFER_109,5,,,,,13,1,9.104,,,1,,,,Y
SIMTECH,EQ_WAFER_659,FAB,12,EG_WAFER_109,5,,,,,13,1,9.104,,,1,,,,Y
SIMTECH,EQ_WAFER_660,FAB,350,EG_WAFER_109,5,,,,,13,1,9.104,,,1,,,,Y
SIMTECH,EQ_WAFER_661,FAB,8,EG_WAFER_109,5,,,,,13,1,9.104,,,1,,,,Y
SIMTECH,EQ_WAFER_662,FAB,8,EG_WAFER_109,5,,,,,13,1,9.104,,,1,,,,Y
SIMTECH,EQ_WAFER_663,FAB,7,EG_WAFER_109,5,,,,,,1,9.104,,,1,,,,Y
SIMTECH,EQ_WAFER_664,FAB,7,EG_WAFER_109,5,,,,,,1,9.104,,,1,,,,Y
SIMTECH,EQ_WAFER_665,FAB,7,EG_WAFER_109,5,,,,,,1,9.104,,,1,,,,Y
SIMTECH,EQ_WAFER_642,FAB,12,EG_WAFER_106,5,,,,,13,1,0,,,1,,,,Y
SIMTECH,EQ_WAFER_643,FAB,12,EG_WAFER_106,5,,,,,13,1,0,,,1,,,,Y
SIMTECH,EQ_WAFER_188,FAB,2,EG_WAFER_26,3,,,,,,1,3,,,1,,,,Y
SIMTECH,EQ_WAFER_189,FAB,2,EG_WAFER_26,3,,,,,,1,3,,,1,,,,Y
SIMTECH,EQ_WAFER_190,FAB,2,EG_WAFER_26,3,,,,,,1,3,,,1,,,,Y
SIMTECH,EQ_WAFER_202,FAB,2,EG_WAFER_28,3,,,,,,1,2,,,1,,,,Y
SIMTECH,EQ_WAFER_191,FAB,2,EG_WAFER_26,3,,,,,,1,3,,,1,,,,Y
SIMTECH,EQ_WAFER_192,FAB,2,EG_WAFER_26,3,,,,,,1,3,,,1,,,,Y
SIMTECH,EQ_WAFER_193,FAB,2,EG_WAFER_26,3,,,,,,1,3,,,1,,,,Y
SIMTECH,EQ_WAFER_194,FAB,2,EG_WAFER_26,3,,,,,,1,3,,,1,,,,Y
SIMTECH,EQ_WAFER_195,FAB,2,EG_WAFER_26,3,,,,,,1,3,,,1,,,,Y
SIMTECH,EQ_WAFER_196,FAB,2,EG_WAFER_26,3,,,,,,1,3,,,1,,,,Y
SIMTECH,EQ_WAFER_197,FAB,2,EG_WAFER_26,3,,,,,,1,3,,,1,,,,Y
SIMTECH,EQ_WAFER_198,FAB,2,EG_WAFER_26,3,,,,,,1,3,,,1,,,,Y
SIMTECH,EQ_WAFER_199,FAB,2,EG_WAFER_26,3,,,,,,1,3,,,1,,,,Y
SIMTECH,EQ_WAFER_88,FAB,25,EG_WAFER_13,3,,,,,,1,5,,,1,,,,Y
SIMTECH,EQ_WAFER_89,FAB,25,EG_WAFER_13,3,,,,,,1,5,,,1,,,,Y
SIMTECH,EQ_WAFER_90,FAB,25,EG_WAFER_13,3,,,,,,1,5,,,1,,,,Y
SIMTECH,EQ_WAFER_91,FAB,25,EG_WAFER_13,3,,,,,,1,5,,,1,,,,Y
SIMTECH,EQ_WAFER_236,FAB,7,EG_WAFER_34,5,,,,,13,1,8.32,,,1,,,,Y
SIMTECH,EQ_WAFER_237,FAB,7,EG_WAFER_34,5,,,,,13,1,8.32,,,1,,,,Y
SIMTECH,EQ_WAFER_238,FAB,7,EG_WAFER_34,5,,,,,13,1,8.32,,,1,,,,Y
SIMTECH,EQ_WAFER_239,FAB,7,EG_WAFER_34,5,,,,,13,1,8.32,,,1,,,,Y
SIMTECH,EQ_WAFER_240,FAB,7,EG_WAFER_34,3,,,,,,1,8.32,,,1,,,,Y
SIMTECH,EQ_BATCH_8,FAB,16,EG_BATCH_3,2,346,461,13,100,,1,42,,,1,Y,1,0.1,Y
SIMTECH,EQ_BATCH_9,FAB,2,EG_BATCH_3,2,187,249,13,150,,1,42,,,1,Y,1,0.1,Y
SIMTECH,EQ_BATCH_10,FAB,16,EG_BATCH_3,2,132,177,13,125,,1,42,,,1,Y,1,0.1,Y
SIMTECH,EQ_BATCH_11,FAB,8,EG_BATCH_3,2,165,220,13,150,,1,42,,,1,Y,1,0.1,Y
SIMTECH,EQ_BATCH_12,FAB,4,EG_BATCH_3,2,215,287,13,150,,1,42,,,1,Y,1,0.1,Y
SIMTECH,EQ_BATCH_13,FAB,5,EG_BATCH_3,2,109,145,50,150,,1,42,,,1,Y,1,0.1,Y
SIMTECH,EQ_BATCH_14,FAB,4,EG_BATCH_3,2,187,250,13,150,,1,42,,,1,Y,1,0.1,Y
SIMTECH,EQ_BATCH_15,FAB,5,EG_BATCH_3,2,103,137,25,100,,1,42,,,1,Y,1,0.1,Y
SIMTECH,EQ_BATCH_16,FAB,4,EG_BATCH_3,2,156,208,50,150,,1,42,,,1,Y,1,0.1,Y
SIMTECH,EQ_BATCH_17,FAB,4,EG_BATCH_3,2,134,178,50,150,,1,42,,,1,Y,1,0.1,Y
SIMTECH,EQ_BATCH_18,FAB,16,EG_BATCH_3,2,132,176,13,150,,1,42,,,1,Y,1,0.1,Y
SIMTECH,EQ_BATCH_19,FAB,4,EG_BATCH_3,2,134,178,50,150,,1,42,,,1,Y,1,0.1,Y
SIMTECH,EQ_BATCH_20,FAB,16,EG_BATCH_3,2,130,174,13,150,,1,42,,,1,Y,1,0.1,Y
SIMTECH,EQ_BATCH_21,FAB,4,EG_BATCH_3,2,149,199,50,150,,1,42,,,1,Y,1,0.1,Y
SIMTECH,EQ_BATCH_22,FAB,2,EG_BATCH_3,2,94,125,13,100,,1,42,,,1,Y,1,0.1,Y
SIMTECH,EQ_BATCH_23,FAB,5,EG_BATCH_3,2,81,108,13,100,,1,42,,,1,Y,1,0.1,Y
SIMTECH,EQ_BATCH_24,FAB,5,EG_BATCH_3,2,94,126,50,100,,1,42,,,1,Y,1,0.1,Y
SIMTECH,EQ_BATCH_25,FAB,16,EG_BATCH_3,2,98,131,13,150,,1,42,,,1,Y,1,0.1,Y
SIMTECH,EQ_BATCH_26,FAB,4,EG_BATCH_3,2,156,208,50,150,,1,42,,,1,Y,1,0.1,Y
SIMTECH,EQ_BATCH_27,FAB,4,EG_BATCH_3,2,134,178,50,150,,1,42,,,1,Y,1,0.1,Y
SIMTECH,EQ_BATCH_28,FAB,16,EG_BATCH_3,2,131,175,13,150,,1,42,,,1,Y,1,0.1,Y
SIMTECH,EQ_BATCH_29,FAB,4,EG_BATCH_3,2,189,252,13,150,,1,42,,,1,Y,1,0.1,Y
SIMTECH,EQ_BATCH_30,FAB,16,EG_BATCH_3,2,280,373,13,150,,1,42,,,1,Y,1,0.1,Y
SIMTECH,EQ_BATCH_31,FAB,4,EG_BATCH_3,2,204,272,13,150,,1,42,,,1,Y,1,0.1,Y
SIMTECH,EQ_BATCH_32,FAB,5,EG_BATCH_3,2,121,161,50,150,,1,42,,,1,Y,1,0.1,Y
SIMTECH,EQ_BATCH_33,FAB,16,EG_BATCH_3,2,144,192,13,150,,1,42,,,1,Y,1,0.1,Y
SIMTECH,EQ_BATCH_34,FAB,16,EG_BATCH_3,2,346,461,13,100,,1,42,,,1,Y,1,0.1,Y
SIMTECH,EQ_BATCH_35,FAB,4,EG_BATCH_3,2,149,199,50,150,,1,42,,,1,Y,1,0.1,Y
SIMTECH,EQ_BATCH_36,FAB,2,EG_BATCH_3,2,144,193,50,150,,1,42,,,1,Y,1,0.1,Y
SIMTECH,EQ_BATCH_37,FAB,16,EG_BATCH_3,2,131,175,13,150,,1,42,,,1,Y,1,0.1,Y
SIMTECH,EQ_BATCH_38,FAB,2,EG_BATCH_3,2,144,193,25,100,,1,42,,,1,Y,1,0.1,Y
SIMTECH,EQ_BATCH_39,FAB,16,EG_BATCH_3,2,346,461,13,100,,1,42,,,1,Y,1,0.1,Y
SIMTECH,EQ_BATCH_40,FAB,8,EG_BATCH_3,2,165,220,13,150,,1,42,,,1,Y,1,0.1,Y
SIMTECH,EQ_BATCH_41,FAB,2,EG_BATCH_3,2,109,145,25,150,,1,42,,,1,Y,1,0.1,Y
SIMTECH,EQ_BATCH_42,FAB,5,EG_BATCH_3,2,121,162,13,150,,1,42,,,1,Y,1,0.1,Y
SIMTECH,EQ_BATCH_43,FAB,5,EG_BATCH_3,2,130,174,13,150,,1,42,,,1,Y,1,0.1,Y
SIMTECH,EQ_BATCH_44,FAB,4,EG_BATCH_3,2,144,193,50,150,,1,42,,,1,Y,1,0.1,Y
SIMTECH,EQ_BATCH_45,FAB,4,EG_BATCH_3,2,149,199,50,150,,1,42,,,1,Y,1,0.1,Y
SIMTECH,EQ_BATCH_46,FAB,16,EG_BATCH_3,2,161,215,13,150,,1,42,,,1,Y,1,0.1,Y
SIMTECH,EQ_BATCH_47,FAB,350,EG_BATCH_3,2,346,461,50,100,,1,42,,,1,Y,1,0.1,Y
SIMTECH,EQ_BATCH_48,FAB,3,EG_BATCH_3,2,94,126,50,100,,1,42,,,1,Y,1,0.1,Y
SIMTECH,EQ_BATCH_49,FAB,16,EG_BATCH_3,2,98,131,50,150,,1,42,,,1,Y,1,0.1,Y
SIMTECH,EQ_BATCH_50,FAB,5,EG_BATCH_3,2,95,127,13,100,,1,42,,,1,Y,1,0.1,Y
SIMTECH,EQ_BATCH_51,FAB,5,EG_BATCH_3,2,95,127,13,100,,1,42,,,1,Y,1,0.1,Y
SIMTECH,EQ_BATCH_52,FAB,2,EG_BATCH_3,2,145,193,50,150,,1,42,,,1,Y,1,0.1,Y
SIMTECH,EQ_BATCH_53,FAB,4,EG_BATCH_3,2,144,193,50,150,,1,42,,,1,Y,1,0.1,Y
SIMTECH,EQ_BATCH_54,FAB,2,EG_BATCH_3,2,189,252,13,150,,1,42,,,1,Y,1,0.1,Y
SIMTECH,EQ_BATCH_55,FAB,5,EG_BATCH_3,2,168,224,25,150,,1,42,,,1,Y,1,0.1,Y
SIMTECH,EQ_BATCH_56,FAB,2,EG_BATCH_3,2,184,246,13,150,,1,42,,,1,Y,1,0.1,Y
SIMTECH,EQ_BATCH_57,FAB,5,EG_BATCH_3,2,100,134,25,150,,1,42,,,1,Y,1,0.1,Y
SIMTECH,EQ_BATCH_58,FAB,4,EG_BATCH_3,2,145,193,50,150,,1,42,,,1,Y,1,0.1,Y
SIMTECH,EQ_BATCH_59,FAB,6,EG_BATCH_3,2,154,205,75,150,,1,42,,,1,Y,1,0.1,Y
SIMTECH,EQ_BATCH_60,FAB,8,EG_BATCH_3,2,179,238,50,150,,1,42,,,1,Y,1,0.1,Y
SIMTECH,EQ_BATCH_61,FAB,5,EG_BATCH_3,2,179,238,25,150,,1,42,,,1,Y,1,0.1,Y
SIMTECH,EQ_BATCH_62,FAB,16,EG_BATCH_3,2,225,299,13,100,,1,42,,,1,Y,1,0.1,Y
SIMTECH,EQ_BATCH_63,FAB,2,EG_BATCH_3,2,204,272,13,150,,1,42,,,1,Y,1,0.1,Y
SIMTECH,EQ_BATCH_64,FAB,2,EG_BATCH_3,2,94,125,13,100,,1,42,,,1,Y,1,0.1,Y
SIMTECH,EQ_BATCH_65,FAB,3,EG_BATCH_3,2,103,137,13,100,,1,42,,,1,Y,1,0.1,Y
SIMTECH,EQ_BATCH_66,FAB,16,EG_BATCH_3,2,161,214,13,150,,1,42,,,1,Y,1,0.1,Y
SIMTECH,EQ_BATCH_67,FAB,2,EG_BATCH_3,2,215,287,13,125,,1,42,,,1,Y,1,0.1,Y
SIMTECH,EQ_BATCH_68,FAB,16,EG_BATCH_3,2,225,299,13,100,,1,42,,,1,Y,1,0.1,Y
SIMTECH,EQ_BATCH_69,FAB,2,EG_BATCH_3,2,189,252,13,150,,1,42,,,1,Y,1,0.1,Y
SIMTECH,EQ_BATCH_70,FAB,2,EG_BATCH_3,2,215,287,13,150,,1,42,,,1,Y,1,0.1,Y
SIMTECH,EQ_BATCH_71,FAB,16,EG_BATCH_3,2,245,326,50,100,,1,42,,,1,Y,1,0.1,Y
SIMTECH,EQ_BATCH_72,FAB,5,EG_BATCH_3,2,168,224,25,150,,1,42,,,1,Y,1,0.1,Y
SIMTECH,EQ_BATCH_73,FAB,5,EG_BATCH_3,2,145,193,50,100,,1,42,,,1,Y,1,0.1,Y
SIMTECH,EQ_BATCH_74,FAB,3,EG_BATCH_3,2,185,246,13,150,,1,42,,,1,Y,1,0.1,Y
SIMTECH,EQ_BATCH_75,FAB,2,EG_BATCH_3,2,215,287,13,150,,1,42,,,1,Y,1,0.1,Y
SIMTECH,EQ_BATCH_76,FAB,2,EG_BATCH_3,2,346,461,50,100,,1,42,,,1,Y,1,0.1,Y
SIMTECH,EQ_BATCH_77,FAB,4,EG_BATCH_3,2,215,287,13,150,,1,42,,,1,Y,1,0.1,Y
SIMTECH,EQ_BATCH_78,FAB,2,EG_BATCH_3,2,204,272,13,150,,1,42,,,1,Y,1,0.1,Y
SIMTECH,EQ_BATCH_79,FAB,2,EG_BATCH_3,2,346,461,75,150,,1,42,,,1,Y,1,0.1,Y
SIMTECH,EQ_BATCH_80,FAB,2,EG_BATCH_3,2,156,208,50,150,,1,42,,,1,Y,1,0.1,Y
SIMTECH,EQ_BATCH_81,FAB,2,EG_BATCH_3,2,346,461,50,100,,1,42,,,1,Y,1,0.1,Y
SIMTECH,EQ_BATCH_82,FAB,5,EG_BATCH_3,2,179,238,50,150,,1,42,,,1,Y,1,0.1,Y
SIMTECH,EQ_BATCH_83,FAB,16,EG_BATCH_3,2,161,215,13,150,,1,42,,,1,Y,1,0.1,Y
SIMTECH,EQ_BATCH_84,FAB,2,EG_BATCH_3,2,215,287,13,150,,1,42,,,1,Y,1,0.1,Y
SIMTECH,EQ_BATCH_85,FAB,4,EG_BATCH_3,2,187,250,13,150,,1,42,,,1,Y,1,0.1,Y
SIMTECH,EQ_BATCH_86,FAB,4,EG_BATCH_3,2,134,178,50,150,,1,42,,,1,Y,1,0.1,Y
SIMTECH,EQ_BATCH_87,FAB,4,EG_BATCH_3,2,156,208,50,150,,1,42,,,1,Y,1,0.1,Y
SIMTECH,EQ_BATCH_88,FAB,5,EG_BATCH_3,2,145,193,25,150,,1,42,,,1,Y,1,0.1,Y
SIMTECH,EQ_BATCH_89,FAB,5,EG_BATCH_3,2,154,205,25,150,,1,42,,,1,Y,1,0.1,Y
SIMTECH,EQ_BATCH_90,FAB,4,EG_BATCH_3,2,134,178,50,150,,1,42,,,1,Y,1,0.1,Y
SIMTECH,EQ_BATCH_91,FAB,64,EG_BATCH_3,2,120,160,13,150,,1,42,,,1,Y,1,0.1,Y
SIMTECH,EQ_BATCH_92,FAB,4,EG_BATCH_3,2,144,193,50,150,,1,42,,,1,Y,1,0.1,Y
SIMTECH,EQ_BATCH_93,FAB,16,EG_BATCH_3,2,346,461,13,150,,1,42,,,1,Y,1,0.1,Y
SIMTECH,EQ_BATCH_94,FAB,4,EG_BATCH_3,2,189,252,13,150,,1,42,,,1,Y,1,0.1,Y
SIMTECH,EQ_BATCH_95,FAB,2,EG_BATCH_3,2,215,287,13,150,,1,42,,,1,Y,1,0.1,Y
SIMTECH,EQ_BATCH_96,FAB,5,EG_BATCH_3,2,100,134,50,150,,1,42,,,1,Y,1,0.1,Y
SIMTECH,EQ_BATCH_97,FAB,4,EG_BATCH_3,2,204,272,13,150,,1,42,,,1,Y,1,0.1,Y
SIMTECH,EQ_BATCH_98,FAB,4,EG_BATCH_3,2,144,193,50,150,,1,42,,,1,Y,1,0.1,Y
SIMTECH,EQ_BATCH_99,FAB,4,EG_BATCH_3,2,145,193,50,150,,1,42,,,1,Y,1,0.1,Y
SIMTECH,EQ_BATCH_100,FAB,5,EG_BATCH_3,2,130,174,50,150,,1,42,,,1,Y,1,0.1,Y
SIMTECH,EQ_BATCH_101,FAB,2,EG_BATCH_3,2,204,272,13,150,,1,42,,,1,Y,1,0.1,Y
SIMTECH,EQ_BATCH_102,FAB,4,EG_BATCH_3,2,120,160,50,150,,1,42,,,1,Y,1,0.1,Y
SIMTECH,EQ_BATCH_103,FAB,4,EG_BATCH_3,2,149,199,50,150,,1,42,,,1,Y,1,0.1,Y
SIMTECH,EQ_BATCH_104,FAB,16,EG_BATCH_3,2,147,196,13,150,,1,42,,,1,Y,1,0.1,Y
SIMTECH,EQ_BATCH_105,FAB,2,EG_BATCH_3,2,215,287,13,125,,1,42,,,1,Y,1,0.1,Y
SIMTECH,EQ_BATCH_106,FAB,4,EG_BATCH_3,2,134,178,50,150,,1,42,,,1,Y,1,0.1,Y
SIMTECH,EQ_BATCH_107,FAB,2,EG_BATCH_3,2,145,193,50,150,,1,42,,,1,Y,1,0.1,Y
SIMTECH,EQ_BATCH_108,FAB,16,EG_BATCH_3,2,161,215,25,150,,1,42,,,1,Y,1,0.1,Y
SIMTECH,EQ_BATCH_109,FAB,2,EG_BATCH_3,2,215,287,13,125,,1,42,,,1,Y,1,0.1,Y
SIMTECH,EQ_BATCH_110,FAB,4,EG_BATCH_3,2,215,287,13,125,,1,42,,,1,Y,1,0.1,Y
SIMTECH,EQ_BATCH_111,FAB,2,EG_BATCH_3,2,184,246,13,125,,1,42,,,1,Y,1,0.1,Y
SIMTECH,EQ_BATCH_112,FAB,5,EG_BATCH_3,2,100,134,75,150,,1,42,,,1,Y,1,0.1,Y
SIMTECH,EQ_BATCH_113,FAB,5,EG_BATCH_3,2,144,193,25,100,,1,42,,,1,Y,1,0.1,Y
SIMTECH,EQ_BATCH_114,FAB,2,EG_BATCH_3,2,147,196,25,150,,1,42,,,1,Y,1,0.1,Y
SIMTECH,EQ_BATCH_115,FAB,2,EG_BATCH_3,3,122,163,75,150,,1,42,,,1,Y,1,0.1,Y
SIMTECH,EQ_BATCH_116,FAB,16,EG_BATCH_3,2,245,326,50,150,,1,42,,,1,Y,1,0.1,Y
SIMTECH,EQ_BATCH_117,FAB,2,EG_BATCH_3,2,215,287,13,125,,1,42,,,1,Y,1,0.1,Y
SIMTECH,EQ_BATCH_118,FAB,3,EG_BATCH_3,2,82,110,50,150,,1,42,,,1,Y,1,0.1,Y
SIMTECH,EQ_BATCH_119,FAB,3,EG_BATCH_3,3,77,103,50,100,,1,42,,,1,Y,1,0.1,Y
SIMTECH,EQ_BATCH_120,FAB,2,EG_BATCH_3,2,100,134,50,150,,1,42,,,1,Y,1,0.1,Y
SIMTECH,EQ_BATCH_121,FAB,2,EG_BATCH_3,2,215,287,13,150,,1,42,,,1,Y,1,0.1,Y
SIMTECH,EQ_BATCH_122,FAB,2,EG_BATCH_3,3,100,134,75,150,,1,42,,,1,Y,1,0.1,Y
SIMTECH,EQ_BATCH_123,FAB,2,EG_BATCH_3,3,133,178,50,100,,1,42,,,1,Y,1,0.1,Y
SIMTECH,EQ_BATCH_124,FAB,2,EG_BATCH_3,3,179,238,50,150,,1,42,,,1,Y,1,0.1,Y
SIMTECH,EQ_BATCH_125,FAB,2,EG_BATCH_3,3,133,178,25,100,,1,42,,,1,Y,1,0.1,Y
SIMTECH,EQ_BATCH_129,FAB,2,EG_BATCH_4,2,109,145,25,150,,1,18,,,1,Y,1,0.1,Y
SIMTECH,EQ_BATCH_130,FAB,6,EG_BATCH_4,2,99,133,25,125,,1,18,,,1,Y,1,0.1,Y
SIMTECH,EQ_BATCH_131,FAB,6,EG_BATCH_4,2,117,156,13,150,,1,18,,,1,Y,1,0.1,Y
SIMTECH,EQ_BATCH_132,FAB,4,EG_BATCH_4,2,113,151,50,125,,1,18,,,1,Y,1,0.1,Y
SIMTECH,EQ_BATCH_133,FAB,6,EG_BATCH_4,2,134,179,50,125,,1,18,,,1,Y,1,0.1,Y
SIMTECH,EQ_BATCH_134,FAB,2,EG_BATCH_4,2,117,156,25,150,,1,18,,,1,Y,1,0.1,Y
SIMTECH,EQ_BATCH_135,FAB,4,EG_BATCH_4,2,120,160,50,125,,1,18,,,1,Y,1,0.1,Y
SIMTECH,EQ_BATCH_136,FAB,16,EG_BATCH_4,2,87,116,75,150,,1,18,,,1,Y,1,0.1,Y
SIMTECH,EQ_BATCH_137,FAB,6,EG_BATCH_4,2,134,179,50,125,,1,18,,,1,Y,1,0.1,Y
SIMTECH,EQ_BATCH_138,FAB,6,EG_BATCH_4,2,134,179,25,100,,1,18,,,1,Y,1,0.1,Y
SIMTECH,EQ_BATCH_139,FAB,6,EG_BATCH_4,2,87,116,13,150,,1,18,,,1,Y,1,0.1,Y
SIMTECH,EQ_BATCH_140,FAB,6,EG_BATCH_4,2,134,179,50,125,,1,18,,,1,Y,1,0.1,Y
SIMTECH,EQ_BATCH_141,FAB,16,EG_BATCH_4,2,93,124,13,150,,1,18,,,1,Y,1,0.1,Y
SIMTECH,EQ_BATCH_142,FAB,4,EG_BATCH_4,2,120,160,50,125,,1,18,,,1,Y,1,0.1,Y
SIMTECH,EQ_BATCH_143,FAB,4,EG_BATCH_4,2,120,160,50,125,,1,18,,,1,Y,1,0.1,Y
SIMTECH,EQ_BATCH_144,FAB,6,EG_BATCH_4,2,137,183,13,125,,1,18,,,1,Y,1,0.1,Y
SIMTECH,EQ_BATCH_145,FAB,6,EG_BATCH_4,2,87,116,13,150,,1,18,,,1,Y,1,0.1,Y
SIMTECH,EQ_BATCH_146,FAB,16,EG_BATCH_4,2,129,172,13,150,,1,18,,,1,Y,1,0.1,Y
SIMTECH,EQ_BATCH_147,FAB,2,EG_BATCH_4,2,109,145,75,150,,1,18,,,1,Y,1,0.1,Y
SIMTECH,EQ_BATCH_148,FAB,2,EG_BATCH_4,2,137,183,13,100,,1,18,,,1,Y,1,0.1,Y
SIMTECH,EQ_BATCH_149,FAB,6,EG_BATCH_4,2,98,131,75,150,,1,18,,,1,Y,1,0.1,Y
SIMTECH,EQ_BATCH_150,FAB,6,EG_BATCH_4,2,134,179,50,125,,1,18,,,1,Y,1,0.1,Y
SIMTECH,EQ_BATCH_151,FAB,4,EG_BATCH_4,2,120,160,50,150,,1,18,,,1,Y,1,0.1,Y
SIMTECH,EQ_BATCH_152,FAB,16,EG_BATCH_4,2,102,136,13,150,,1,18,,,1,Y,1,0.1,Y
SIMTECH,EQ_BATCH_153,FAB,83,EG_BATCH_5,2,125,167,13,100,,1,7.92,,,1,Y,1,0.1,Y
SIMTECH,EQ_BATCH_154,FAB,83,EG_BATCH_5,2,187,250,13,100,,1,7.92,,,1,Y,1,0.1,Y
SIMTECH,EQ_BATCH_155,FAB,83,EG_BATCH_5,2,307,409,13,100,,1,7.92,,,1,Y,1,0.1,Y
SIMTECH,EQ_BATCH_156,FAB,83,EG_BATCH_5,2,167,222,13,100,,1,7.92,,,1,Y,1,0.1,Y
SIMTECH,EQ_BATCH_157,FAB,39,EG_BATCH_5,2,307,409,13,100,,1,7.92,,,1,Y,1,0.1,Y
SIMTECH,EQ_BATCH_158,FAB,83,EG_BATCH_5,2,167,222,13,100,,1,7.92,,,1,Y,1,0.1,Y
SIMTECH,EQ_BATCH_159,FAB,83,EG_BATCH_5,2,307,409,13,100,,1,7.92,,,1,Y,1,0.1,Y
SIMTECH,EQ_BATCH_160,FAB,107,EG_BATCH_5,2,216,288,13,100,,1,7.92,,,1,Y,1,0.1,Y
SIMTECH,EQ_BATCH_161,FAB,118,EG_BATCH_5,2,187,250,13,100,,1,7.92,,,1,Y,1,0.1,Y
SIMTECH,EQ_BATCH_162,FAB,118,EG_BATCH_5,2,141,188,13,100,,1,7.92,,,1,Y,1,0.1,Y
SIMTECH,EQ_BATCH_163,FAB,27,EG_BATCH_5,2,216,288,13,100,,1,7.92,,,1,Y,1,0.1,Y
SIMTECH,EQ_BATCH_164,FAB,62,EG_BATCH_5,2,238,318,13,100,,1,7.92,,,1,Y,1,0.1,Y
SIMTECH,EQ_BATCH_165,FAB,62,EG_BATCH_5,2,238,318,13,100,,1,7.92,,,1,Y,1,0.1,Y
SIMTECH,EQ_BATCH_166,FAB,107,EG_BATCH_5,2,216,288,13,100,,1,7.92,,,1,Y,1,0.1,Y
SIMTECH,EQ_BATCH_167,FAB,27,EG_BATCH_5,2,216,288,13,100,,1,7.92,,,1,Y,1,0.1,Y
SIMTECH,EQ_BATCH_168,FAB,39,EG_BATCH_5,2,141,188,13,100,,1,7.92,,,1,Y,1,0.1,Y
SIMTECH,EQ_BATCH_169,FAB,83,EG_BATCH_5,2,307,409,13,100,,1,7.92,,,1,Y,1,0.1,Y
SIMTECH,EQ_BATCH_170,FAB,83,EG_BATCH_5,2,441,589,13,100,,1,7.92,,,1,Y,1,0.1,Y
SIMTECH,EQ_BATCH_171,FAB,83,EG_BATCH_5,2,125,167,13,200,,1,7.92,,,1,Y,1,0.1,Y
SIMTECH,EQ_BATCH_172,FAB,83,EG_BATCH_5,2,307,409,13,100,,1,7.92,,,1,Y,1,0.1,Y
SIMTECH,EQ_BATCH_173,FAB,62,EG_BATCH_5,2,238,318,13,100,,1,7.92,,,1,Y,1,0.1,Y
SIMTECH,EQ_BATCH_174,FAB,62,EG_BATCH_5,2,238,318,13,100,,1,7.92,,,1,Y,1,0.1,Y
SIMTECH,EQ_BATCH_175,FAB,27,EG_BATCH_5,2,216,288,13,100,,1,7.92,,,1,Y,1,0.1,Y
SIMTECH,EQ_BATCH_176,FAB,89,EG_BATCH_5,2,441,589,13,100,,1,7.92,,,1,Y,1,0.1,Y
SIMTECH,EQ_BATCH_177,FAB,89,EG_BATCH_5,2,167,222,13,200,,1,7.92,,,1,Y,1,0.1,Y
SIMTECH,EQ_BATCH_178,FAB,89,EG_BATCH_5,2,125,167,13,100,,1,7.92,,,1,Y,1,0.1,Y
SIMTECH,EQ_BATCH_179,FAB,128,EG_BATCH_5,2,141,188,13,100,,1,7.92,,,1,Y,1,0.1,Y
SIMTECH,EQ_BATCH_180,FAB,128,EG_BATCH_5,2,141,188,13,100,,1,7.92,,,1,Y,1,0.1,Y
SIMTECH,EQ_BATCH_181,FAB,128,EG_BATCH_5,2,332,442,13,100,,1,7.92,,,1,Y,1,0.1,Y
SIMTECH,EQ_BATCH_182,FAB,94,EG_BATCH_5,2,216,288,13,100,,1,7.92,,,1,Y,1,0.1,Y
SIMTECH,EQ_BATCH_183,FAB,89,EG_BATCH_5,2,167,222,13,100,,1,7.92,,,1,Y,1,0.1,Y
SIMTECH,EQ_BATCH_184,FAB,67,EG_BATCH_5,2,238,318,13,100,,1,7.92,,,1,Y,1,0.1,Y
SIMTECH,EQ_BATCH_185,FAB,128,EG_BATCH_5,2,187,250,13,100,,1,7.92,,,1,Y,1,0.1,Y
SIMTECH,EQ_BATCH_186,FAB,42,EG_BATCH_5,2,216,288,13,100,,1,7.92,,,1,Y,1,0.1,Y
SIMTECH,EQ_BATCH_187,FAB,89,EG_BATCH_5,2,211,281,13,100,,1,7.92,,,1,Y,1,0.1,Y
SIMTECH,EQ_BATCH_188,FAB,42,EG_BATCH_5,2,167,222,13,100,,1,7.92,,,1,Y,1,0.1,Y
SIMTECH,EQ_BATCH_189,FAB,89,EG_BATCH_5,2,378,504,13,100,,1,7.92,,,1,Y,1,0.1,Y
SIMTECH,EQ_BATCH_190,FAB,116,EG_BATCH_5,2,378,504,13,100,,1,7.92,,,1,Y,1,0.1,Y
SIMTECH,EQ_BATCH_191,FAB,67,EG_BATCH_5,2,238,318,13,100,,1,7.92,,,1,Y,1,0.1,Y
SIMTECH,EQ_BATCH_192,FAB,23,EG_BATCH_5,2,154,205,13,100,,1,7.92,,,1,Y,1,0.1,Y
SIMTECH,EQ_BATCH_193,FAB,128,EG_BATCH_5,2,238,318,13,100,,1,7.92,,,1,Y,1,0.1,Y
SIMTECH,EQ_BATCH_194,FAB,89,EG_BATCH_5,2,307,409,13,100,,1,7.92,,,1,Y,1,0.1,Y
SIMTECH,EQ_BATCH_195,FAB,16,EG_BATCH_5,2,125,167,13,100,,1,7.92,,,1,Y,1,0.1,Y
SIMTECH,EQ_BATCH_196,FAB,24,EG_BATCH_5,2,307,409,13,100,,1,7.92,,,1,Y,1,0.1,Y
SIMTECH,EQ_BATCH_197,FAB,89,EG_BATCH_5,2,167,222,13,100,,1,7.92,,,1,Y,1,0.1,Y
SIMTECH,EQ_BATCH_198,FAB,23,EG_BATCH_5,2,171,229,13,100,,1,7.92,,,1,Y,1,0.1,Y
SIMTECH,EQ_BATCH_199,FAB,32,EG_BATCH_5,2,238,318,13,100,,1,7.92,,,1,Y,1,0.1,Y
SIMTECH,EQ_BATCH_200,FAB,42,EG_BATCH_5,2,163,218,13,100,,1,7.92,,,1,Y,1,0.1,Y
SIMTECH,EQ_BATCH_201,FAB,116,EG_BATCH_5,2,216,288,13,100,,1,7.92,,,1,Y,1,0.1,Y
SIMTECH,EQ_BATCH_202,FAB,29,EG_BATCH_5,2,216,288,13,100,,1,7.92,,,1,Y,1,0.1,Y
SIMTECH,EQ_BATCH_203,FAB,42,EG_BATCH_5,2,307,409,13,100,,1,7.92,,,1,Y,1,0.1,Y
SIMTECH,EQ_BATCH_204,FAB,42,EG_BATCH_5,2,125,167,13,100,,1,7.92,,,1,Y,1,0.1,Y
SIMTECH,EQ_BATCH_205,FAB,23,EG_BATCH_5,2,125,167,13,200,,1,7.92,,,1,Y,1,0.1,Y
SIMTECH,EQ_BATCH_206,FAB,89,EG_BATCH_5,2,187,250,13,100,,1,7.92,,,1,Y,1,0.1,Y
SIMTECH,EQ_BATCH_207,FAB,42,EG_BATCH_5,2,167,222,13,100,,1,7.92,,,1,Y,1,0.1,Y
SIMTECH,EQ_BATCH_208,FAB,89,EG_BATCH_5,2,176,235,13,100,,1,7.92,,,1,Y,1,0.1,Y
SIMTECH,EQ_BATCH_209,FAB,24,EG_BATCH_5,2,167,222,13,100,,1,7.92,,,1,Y,1,0.1,Y
SIMTECH,EQ_BATCH_210,FAB,42,EG_BATCH_5,2,187,250,13,100,,1,7.92,,,1,Y,1,0.1,Y
SIMTECH,EQ_BATCH_211,FAB,89,EG_BATCH_5,2,211,281,13,100,,1,7.92,,,1,Y,1,0.1,Y
SIMTECH,EQ_BATCH_212,FAB,89,EG_BATCH_5,2,382,509,13,100,,1,7.92,,,1,Y,1,0.1,Y
SIMTECH,EQ_BATCH_213,FAB,89,EG_BATCH_5,2,163,218,13,100,,1,7.92,,,1,Y,1,0.1,Y
SIMTECH,EQ_BATCH_214,FAB,16,EG_BATCH_5,2,332,442,13,100,,1,7.92,,,1,Y,1,0.1,Y
SIMTECH,EQ_BATCH_215,FAB,23,EG_BATCH_5,2,379,505,13,100,,1,7.92,,,1,Y,1,0.1,Y
SIMTECH,EQ_BATCH_216,FAB,24,EG_BATCH_5,2,307,409,13,100,,1,7.92,,,1,Y,1,0.1,Y
SIMTECH,EQ_BATCH_217,FAB,42,EG_BATCH_5,2,125,167,13,100,,1,7.92,,,1,Y,1,0.1,Y
SIMTECH,EQ_BATCH_218,FAB,89,EG_BATCH_5,2,167,222,13,100,,1,7.92,,,1,Y,1,0.1,Y
SIMTECH,EQ_BATCH_219,FAB,89,EG_BATCH_5,2,307,409,13,100,,1,7.92,,,1,Y,1,0.1,Y
SIMTECH,EQ_BATCH_220,FAB,89,EG_BATCH_5,2,179,239,13,100,,1,7.92,,,1,Y,1,0.1,Y
SIMTECH,EQ_BATCH_221,FAB,89,EG_BATCH_5,2,167,222,13,100,,1,7.92,,,1,Y,1,0.1,Y
SIMTECH,EQ_BATCH_222,FAB,89,EG_BATCH_5,2,382,509,13,100,,1,7.92,,,1,Y,1,0.1,Y
SIMTECH,EQ_BATCH_223,FAB,89,EG_BATCH_5,2,307,409,13,100,,1,7.92,,,1,Y,1,0.1,Y
SIMTECH,EQ_BATCH_224,FAB,89,EG_BATCH_5,2,125,167,13,100,,1,7.92,,,1,Y,1,0.1,Y
SIMTECH,EQ_BATCH_225,FAB,23,EG_BATCH_5,2,441,589,13,100,,1,7.92,,,1,Y,1,0.1,Y
SIMTECH,EQ_BATCH_226,FAB,24,EG_BATCH_5,2,221,295,13,100,,1,7.92,,,1,Y,1,0.1,Y
SIMTECH,EQ_BATCH_227,FAB,16,EG_BATCH_5,2,137,182,13,100,,1,7.92,,,1,Y,1,0.1,Y
SIMTECH,EQ_BATCH_228,FAB,23,EG_BATCH_5,2,213,284,13,100,,1,7.92,,,1,Y,1,0.1,Y
SIMTECH,EQ_BATCH_229,FAB,89,EG_BATCH_5,2,125,167,13,100,,1,7.92,,,1,Y,1,0.1,Y
SIMTECH,EQ_BATCH_230,FAB,23,EG_BATCH_5,2,125,167,13,100,,1,7.92,,,1,Y,1,0.1,Y
SIMTECH,EQ_BATCH_231,FAB,24,EG_BATCH_5,2,211,281,13,100,,1,7.92,,,1,Y,1,0.1,Y
SIMTECH,EQ_BATCH_232,FAB,23,EG_BATCH_5,2,179,239,13,100,,1,7.92,,,1,Y,1,0.1,Y
SIMTECH,EQ_BATCH_233,FAB,16,EG_BATCH_5,2,125,167,50,100,,1,7.92,,,1,Y,1,0.1,Y
SIMTECH,EQ_BATCH_234,FAB,42,EG_BATCH_5,2,125,167,50,100,,1,7.92,,,1,Y,1,0.1,Y
SIMTECH,EQ_BATCH_235,FAB,42,EG_BATCH_5,2,125,167,50,100,,1,7.92,,,1,Y,1,0.1,Y
SIMTECH,EQ_BATCH_236,FAB,42,EG_BATCH_5,2,307,409,13,100,,1,7.92,,,1,Y,1,0.1,Y
SIMTECH,EQ_BATCH_237,FAB,43,EG_BATCH_5,2,142,190,13,100,,1,7.92,,,1,Y,1,0.1,Y
SIMTECH,EQ_BATCH_238,FAB,23,EG_BATCH_5,2,149,198,13,100,,1,7.92,,,1,Y,1,0.1,Y
SIMTECH,EQ_BATCH_239,FAB,16,EG_BATCH_5,2,332,442,13,100,,1,7.92,,,1,Y,1,0.1,Y
SIMTECH,EQ_BATCH_240,FAB,23,EG_BATCH_5,2,171,228,13,100,,1,7.92,,,1,Y,1,0.1,Y
SIMTECH,EQ_BATCH_241,FAB,42,EG_BATCH_5,2,307,409,13,100,,1,7.92,,,1,Y,1,0.1,Y
SIMTECH,EQ_BATCH_242,FAB,42,EG_BATCH_5,2,125,167,13,100,,1,7.92,,,1,Y,1,0.1,Y
SIMTECH,EQ_BATCH_243,FAB,24,EG_BATCH_5,2,265,353,13,100,,1,7.92,,,1,Y,1,0.1,Y
SIMTECH,EQ_BATCH_244,FAB,42,EG_BATCH_5,2,125,167,13,100,,1,7.92,,,1,Y,1,0.1,Y
SIMTECH,EQ_BATCH_245,FAB,23,EG_BATCH_5,2,171,229,13,100,,1,7.92,,,1,Y,1,0.1,Y
SIMTECH,EQ_BATCH_246,FAB,16,EG_BATCH_5,2,133,178,13,100,,1,7.92,,,1,Y,1,0.1,Y
SIMTECH,EQ_BATCH_247,FAB,23,EG_BATCH_5,2,145,193,13,100,,1,7.92,,,1,Y,1,0.1,Y
SIMTECH,EQ_BATCH_248,FAB,42,EG_BATCH_5,2,125,167,13,100,,1,7.92,,,1,Y,1,0.1,Y
SIMTECH,EQ_BATCH_249,FAB,42,EG_BATCH_5,2,125,167,13,100,,1,7.92,,,1,Y,1,0.1,Y
SIMTECH,EQ_BATCH_250,FAB,42,EG_BATCH_5,2,187,250,13,100,,1,7.92,,,1,Y,1,0.1,Y
SIMTECH,EQ_BATCH_251,FAB,42,EG_BATCH_5,2,135,180,13,100,,1,7.92,,,1,Y,1,0.1,Y
SIMTECH,EQ_BATCH_252,FAB,16,EG_BATCH_5,2,125,167,13,100,,1,7.92,,,1,Y,1,0.1,Y
SIMTECH,EQ_BATCH_253,FAB,24,EG_BATCH_5,2,126,168,13,100,,1,7.92,,,1,Y,1,0.1,Y
SIMTECH,EQ_BATCH_254,FAB,16,EG_BATCH_5,2,149,198,13,100,,1,7.92,,,1,Y,1,0.1,Y
SIMTECH,EQ_BATCH_255,FAB,23,EG_BATCH_5,2,125,167,13,100,,1,7.92,,,1,Y,1,0.1,Y
SIMTECH,EQ_BATCH_256,FAB,24,EG_BATCH_5,2,125,167,13,100,,1,7.92,,,1,Y,1,0.1,Y
SIMTECH,EQ_BATCH_257,FAB,24,EG_BATCH_5,2,125,167,13,100,,1,7.92,,,1,Y,1,0.1,Y
SIMTECH,EQ_BATCH_258,FAB,42,EG_BATCH_5,2,171,228,13,100,,1,7.92,,,1,Y,1,0.1,Y
SIMTECH,EQ_BATCH_259,FAB,23,EG_BATCH_5,2,125,167,13,100,,1,7.92,,,1,Y,1,0.1,Y
SIMTECH,EQ_BATCH_260,FAB,42,EG_BATCH_5,2,221,295,13,100,,1,7.92,,,1,Y,1,0.1,Y
SIMTECH,EQ_BATCH_261,FAB,16,EG_BATCH_5,2,187,250,13,100,,1,7.92,,,1,Y,1,0.1,Y
SIMTECH,EQ_BATCH_262,FAB,43,EG_BATCH_5,2,176,235,13,100,,1,7.92,,,1,Y,1,0.1,Y
SIMTECH,EQ_BATCH_263,FAB,16,EG_BATCH_5,2,125,167,13,100,,1,7.92,,,1,Y,1,0.1,Y
SIMTECH,EQ_BATCH_264,FAB,24,EG_BATCH_5,2,305,407,13,100,,1,7.92,,,1,Y,1,0.1,Y
SIMTECH,EQ_BATCH_265,FAB,16,EG_BATCH_5,2,187,250,13,100,,1,7.92,,,1,Y,1,0.1,Y
SIMTECH,EQ_BATCH_266,FAB,42,EG_BATCH_5,2,133,178,13,100,,1,7.92,,,1,Y,1,0.1,Y
SIMTECH,EQ_BATCH_267,FAB,11,EG_BATCH_5,2,125,167,13,100,,1,7.92,,,1,Y,1,0.1,Y
SIMTECH,EQ_BATCH_268,FAB,16,EG_BATCH_5,2,187,250,13,100,,1,7.92,,,1,Y,1,0.1,Y
SIMTECH,EQ_BATCH_269,FAB,16,EG_BATCH_5,2,132,176,13,100,,1,7.92,,,1,Y,1,0.1,Y
SIMTECH,EQ_BATCH_270,FAB,43,EG_BATCH_5,2,171,228,13,100,,1,7.92,,,1,Y,1,0.1,Y
SIMTECH,EQ_BATCH_271,FAB,43,EG_BATCH_5,2,144,192,13,100,,1,7.92,,,1,Y,1,0.1,Y
SIMTECH,EQ_BATCH_272,FAB,16,EG_BATCH_5,2,125,167,13,100,,1,7.92,,,1,Y,1,0.1,Y
SIMTECH,EQ_BATCH_273,FAB,24,EG_BATCH_5,2,134,179,13,100,,1,7.92,,,1,Y,1,0.1,Y
SIMTECH,EQ_BATCH_274,FAB,16,EG_BATCH_5,2,220,294,13,100,,1,7.92,,,1,Y,1,0.1,Y
SIMTECH,EQ_BATCH_275,FAB,42,EG_BATCH_5,2,125,167,13,100,,1,7.92,,,1,Y,1,0.1,Y
SIMTECH,EQ_BATCH_276,FAB,24,EG_BATCH_5,2,305,407,13,100,,1,7.92,,,1,Y,1,0.1,Y
SIMTECH,EQ_BATCH_277,FAB,35,EG_BATCH_5,2,207,276,13,100,,1,7.92,,,1,Y,1,0.1,Y
SIMTECH,EQ_BATCH_278,FAB,16,EG_BATCH_5,2,157,210,13,100,,1,7.92,,,1,Y,1,0.1,Y
SIMTECH,EQ_BATCH_279,FAB,16,EG_BATCH_5,2,220,294,13,100,,1,7.92,,,1,Y,1,0.1,Y
SIMTECH,EQ_BATCH_280,FAB,24,EG_BATCH_5,2,307,409,13,100,,1,7.92,,,1,Y,1,0.1,Y
SIMTECH,EQ_BATCH_281,FAB,78,EG_BATCH_5,2,174,233,13,100,,1,7.92,,,1,Y,1,0.1,Y
SIMTECH,EQ_BATCH_282,FAB,15,EG_BATCH_5,2,187,250,13,100,,1,7.92,,,1,Y,1,0.1,Y
SIMTECH,EQ_BATCH_283,FAB,42,EG_BATCH_5,2,163,217,13,100,,1,7.92,,,1,Y,1,0.1,Y
SIMTECH,EQ_BATCH_284,FAB,24,EG_BATCH_5,2,307,409,13,100,,1,7.92,,,1,Y,1,0.1,Y
SIMTECH,EQ_BATCH_285,FAB,42,EG_BATCH_5,2,215,287,13,100,,1,7.92,,,1,Y,1,0.1,Y
SIMTECH,EQ_BATCH_286,FAB,42,EG_BATCH_5,2,165,221,13,100,,1,7.92,,,1,Y,1,0.1,Y
SIMTECH,EQ_BATCH_287,FAB,11,EG_BATCH_5,2,125,167,13,100,,1,7.92,,,1,Y,1,0.1,Y
SIMTECH,EQ_BATCH_288,FAB,16,EG_BATCH_5,2,307,409,13,100,,1,7.92,,,1,Y,1,0.1,Y
SIMTECH,EQ_BATCH_289,FAB,11,EG_BATCH_5,2,222,296,13,100,,1,7.92,,,1,Y,1,0.1,Y
SIMTECH,EQ_BATCH_290,FAB,11,EG_BATCH_5,2,207,276,13,100,,1,7.92,,,1,Y,1,0.1,Y
SIMTECH,EQ_BATCH_291,FAB,42,EG_BATCH_5,2,125,167,13,100,,1,7.92,,,1,Y,1,0.1,Y
SIMTECH,EQ_BATCH_292,FAB,60,EG_BATCH_5,2,378,504,13,100,,1,7.92,,,1,Y,1,0.1,Y
SIMTECH,EQ_BATCH_293,FAB,60,EG_BATCH_5,2,307,409,13,100,,1,7.92,,,1,Y,1,0.1,Y
SIMTECH,EQ_BATCH_294,FAB,60,EG_BATCH_5,2,163,217,13,100,,1,7.92,,,1,Y,1,0.1,Y
SIMTECH,EQ_BATCH_295,FAB,60,EG_BATCH_5,2,125,167,13,100,,1,7.92,,,1,Y,1,0.1,Y
SIMTECH,EQ_BATCH_348,FAB,2,EG_BATCH_14,2,91,122,50,150,,1,0,,,1,Y,1,0.1,Y
SIMTECH,EQ_BATCH_349,FAB,2,EG_BATCH_14,2,91,122,75,150,,1,0,,,1,Y,1,0.1,Y
SIMTECH,EQ_BATCH_350,FAB,2,EG_BATCH_14,2,91,122,75,150,,1,0,,,1,Y,1,0.1,Y
SIMTECH,EQ_BATCH_351,FAB,2,EG_BATCH_14,2,71,95,75,150,,1,0,,,1,Y,1,0.1,Y
SIMTECH,EQ_BATCH_352,FAB,2,EG_BATCH_14,2,91,122,50,150,,1,0,,,1,Y,1,0.1,Y
SIMTECH,EQ_BATCH_353,FAB,2,EG_BATCH_14,2,71,95,75,150,,1,0,,,1,Y,1,0.1,Y
SIMTECH,EQ_LOT_70,FAB,2,EG_BATCH_14,2,,,,,,1,0,,,1,,,,Y
SIMTECH,EQ_WAFER_638,FAB,30,EG_WAFER_105,5,,,,,13,1,11.1,,,1,,,,Y
SIMTECH,EQ_WAFER_639,FAB,30,EG_WAFER_105,5,,,,,13,1,11.1,,,1,,,,Y
SIMTECH,EQ_WAFER_131,FAB,16,EG_WAFER_19,3,,,,,,1,8.7,,,1,,,,Y
SIMTECH,EQ_WAFER_644,FAB,22,EG_WAFER_107,3,,,,,,1,2,,,1,,,,Y
SIMTECH,EQ_WAFER_645,FAB,22,EG_WAFER_107,3,,,,,,1,2,,,1,,,,Y
SIMTECH,EQ_WAFER_646,FAB,22,EG_WAFER_107,3,,,,,,1,2,,,1,,,,Y
SIMTECH,EQ_WAFER_647,FAB,22,EG_WAFER_107,3,,,,,,1,2,,,1,,,,Y
SIMTECH,EQ_WAFER_648,FAB,350,EG_WAFER_107,3,,,,,,1,2,,,1,,,,Y
SIMTECH,EQ_WAFER_649,FAB,350,EG_WAFER_107,3,,,,,,1,2,,,1,,,,Y
SIMTECH,EQ_WAFER_650,FAB,8,EG_WAFER_107,3,,,,,,1,2,,,1,,,,Y
SIMTECH,EQ_LOT_142,FAB,6,EG_LOT_33,2,,,,,,1,0.4,,,1,,,,Y
SIMTECH,EQ_LOT_33,FAB,3,EG_LOT_10,2,,,,,,1,1.8,,,1,,,,Y
SIMTECH,EQ_LOT_34,FAB,3,EG_LOT_10,2,,,,,,1,1.8,,,1,,,,Y
SIMTECH,EQ_LOT_35,FAB,3,EG_LOT_10,2,,,,,,1,1.8,,,1,,,,Y
SIMTECH,EQ_LOT_36,FAB,3,EG_LOT_10,2,,,,,,1,1.8,,,1,,,,Y
SIMTECH,EQ_LOT_37,FAB,3,EG_LOT_10,2,,,,,,1,1.8,,,1,,,,Y
SIMTECH,EQ_LOT_38,FAB,3,EG_LOT_10,2,,,,,,1,1.8,,,1,,,,Y
SIMTECH,EQ_LOT_39,FAB,3,EG_LOT_10,2,,,,,,1,1.8,,,1,,,,Y
SIMTECH,EQ_LOT_40,FAB,3,EG_LOT_10,2,,,,,,1,1.8,,,1,,,,Y
SIMTECH,EQ_LOT_41,FAB,3,EG_LOT_10,2,,,,,,1,1.8,,,1,,,,Y
SIMTECH,EQ_LOT_42,FAB,3,EG_LOT_10,2,,,,,,1,1.8,,,1,,,,Y
SIMTECH,EQ_WAFER_288,FAB,3,EG_LOT_10,3,,,,,,1,1.8,,,1,,,,Y
SIMTECH,EQ_WAFER_289,FAB,3,EG_LOT_10,3,,,,,,1,1.8,,,1,,,,Y
SIMTECH,EQ_LOT_45,FAB,7,EG_LOT_11,2,,,,,,1,0,,,1,,,,Y
SIMTECH,EQ_LOT_46,FAB,7,EG_LOT_11,2,,,,,,1,0,,,1,,,,Y
SIMTECH,EQ_WAFER_295,FAB,9,EG_LOT_11,3,,,,,,1,0,,,1,,,,Y
SIMTECH,EQ_WAFER_296,FAB,9,EG_LOT_11,3,,,,,,1,0,,,1,,,,Y
SIMTECH,EQ_LOT_60,FAB,2,EG_LOT_17,2,,,,,,1,0.4,,,1,,,,Y
SIMTECH,EQ_LOT_61,FAB,2,EG_LOT_17,2,,,,,,1,0.4,,,1,,,,Y
SIMTECH,EQ_LOT_62,FAB,2,EG_LOT_17,2,,,,,,1,0.4,,,1,,,,Y
SIMTECH,EQ_LOT_63,FAB,2,EG_LOT_17,2,,,,,,1,0.4,,,1,,,,Y
SIMTECH,EQ_LOT_64,FAB,2,EG_LOT_17,2,,,,,,1,0.4,,,1,,,,Y
SIMTECH,EQ_LOT_65,FAB,3,EG_LOT_17,2,,,,,,1,0.4,,,1,,,,Y
SIMTECH,EQ_LOT_66,FAB,3,EG_LOT_17,2,,,,,,1,0.4,,,1,,,,Y
SIMTECH,EQ_LOT_67,FAB,3,EG_LOT_17,2,,,,,,1,0.4,,,1,,,,Y
SIMTECH,EQ_LOT_127,FAB,3,EG_LOT_26,2,,,,,,1,0.4,,,1,,,,Y
SIMTECH,EQ_LOT_128,FAB,3,EG_LOT_26,2,,,,,,1,0.4,,,1,,,,Y
SIMTECH,EQ_LOT_129,FAB,3,EG_LOT_26,2,,,,,,1,0.4,,,1,,,,Y
SIMTECH,EQ_LOT_71,FAB,42,EG_LOT_19,2,,,,,,1,0.4,,,1,,,,Y
SIMTECH,EQ_LOT_72,FAB,42,EG_LOT_19,2,,,,,,1,0.4,,,1,,,,Y
SIMTECH,EQ_LOT_73,FAB,42,EG_LOT_19,2,,,,,,1,0.4,,,1,,,,Y
SIMTECH,EQ_LOT_74,FAB,42,EG_LOT_19,2,,,,,,1,0.4,,,1,,,,Y
SIMTECH,EQ_WAFER_333,FAB,4,EG_LOT_19,3,,,,,,1,0.4,,,1,,,,Y
SIMTECH,EQ_LOT_68,FAB,6,EG_LOT_18,2,,,,,,1,0.4,,,1,,,,Y
SIMTECH,EQ_LOT_69,FAB,6,EG_LOT_18,2,,,,,,1,0.4,,,1,,,,Y
SIMTECH,EQ_LOT_58,FAB,3,EG_LOT_16,2,,,,,,1,0.4,,,1,,,,Y
SIMTECH,EQ_LOT_59,FAB,3,EG_LOT_16,2,,,,,,1,0.4,,,1,,,,Y
SIMTECH,EQ_LOT_145,FAB,4,EG_LOT_36,2,,,,,,1,1,,,1,,,,Y
SIMTECH,EQ_LOT_146,FAB,4,EG_LOT_36,2,,,,,,1,1,,,1,,,,Y
SIMTECH,EQ_WAFER_600,FAB,2,EG_LOT_36,3,,,,,,1,1,,,1,,,,Y
SIMTECH,EQ_WAFER_255,FAB,2,EG_WAFER_40,3,,,,,,1,0.4,,,1,,,,Y
SIMTECH,EQ_LOT_29,FAB,6,EG_LOT_8,2,,,,,,1,0.4,,,1,,,,Y
SIMTECH,EQ_WAFER_256,FAB,8,EG_WAFER_41,3,,,,,,1,,,,1,,,,Y
SIMTECH,EQ_LOT_30,FAB,6,EG_LOT_8,2,,,,,,1,0.4,,,1,,,,Y
SIMTECH,EQ_LOT_31,FAB,8,EG_LOT_8,2,,,,,,1,0.4,,,1,,,,Y
SIMTECH,EQ_LOT_140,FAB,4,EG_LOT_32,2,,,,,,1,,,,1,,,,Y
SIMTECH,EQ_WAFER_342,FAB,2,EG_WAFER_60,3,,,,,,1,0.4,,,1,,,,Y
SIMTECH,EQ_LOT_144,FAB,3,EG_LOT_35,2,,,,,,1,0.4,,,1,,,,Y
SIMTECH,EQ_WAFER_251,FAB,3,EG_WAFER_39,3,,,,,,1,0.4,,,1,,,,Y
SIMTECH,EQ_WAFER_252,FAB,3,EG_WAFER_39,3,,,,,,1,0.4,,,1,,,,Y
SIMTECH,EQ_WAFER_253,FAB,1,EG_WAFER_39,3,,,,,,1,0.4,,,1,,,,Y
SIMTECH,EQ_LOT_132,FAB,6,EG_LOT_28,2,,,,,,1,0.4,,,1,,,,Y
SIMTECH,EQ_LOT_18,FAB,36,EG_LOT_7,2,,,,,,1,2,,,1,,,,Y
SIMTECH,EQ_LOT_19,FAB,50,EG_LOT_7,2,,,,,,1,2,,,1,,,,Y
SIMTECH,EQ_LOT_20,FAB,50,EG_LOT_7,2,,,,,,1,2,,,1,,,,Y
SIMTECH,EQ_LOT_21,FAB,50,EG_LOT_7,2,,,,,,1,2,,,1,,,,Y
SIMTECH,EQ_LOT_7,FAB,50,EG_LOT_4,2,,,,,,1,0.4,,,1,,,,Y
SIMTECH,EQ_LOT_8,FAB,50,EG_LOT_4,2,,,,,,1,0.4,,,1,,,,Y
SIMTECH,EQ_LOT_9,FAB,25,EG_LOT_4,2,,,,,,1,0.4,,,1,,,,Y
SIMTECH,EQ_LOT_10,FAB,25,EG_LOT_4,2,,,,,,1,0.4,,,1,,,,Y
SIMTECH,EQ_WAFER_254,FAB,4,EG_WAFER_39,3,,,,,,1,0.4,,,1,,,,Y
SIMTECH,EQ_LOT_13,FAB,25,EG_LOT_6,2,,,,,,1,,,,1,,,,Y
SIMTECH,EQ_LOT_22,FAB,25,EG_LOT_7,2,,,,,,1,2,,,1,,,,Y
SIMTECH,EQ_LOT_23,FAB,4,EG_LOT_7,2,,,,,,1,2,,,1,,,,Y
SIMTECH,EQ_LOT_24,FAB,25,EG_LOT_7,2,,,,,,1,2,,,1,,,,Y
SIMTECH,EQ_LOT_25,FAB,25,EG_LOT_7,2,,,,,,1,2,,,1,,,,Y
SIMTECH,EQ_LOT_26,FAB,36,EG_LOT_7,2,,,,,,1,2,,,1,,,,Y
SIMTECH,EQ_LOT_108,FAB,5,EG_LOT_22,2,,,,,,1,2,,,1,,,,Y
SIMTECH,EQ_LOT_47,FAB,3,EG_LOT_12,2,,,,,,1,2,,,1,,,,Y
SIMTECH,EQ_LOT_48,FAB,3,EG_LOT_12,2,,,,,,1,2,,,1,,,,Y
SIMTECH,EQ_LOT_49,FAB,3,EG_LOT_12,2,,,,,,1,2,,,1,,,,Y
SIMTECH,EQ_LOT_50,FAB,3,EG_LOT_12,2,,,,,,1,2,,,1,,,,Y
SIMTECH,EQ_LOT_51,FAB,4,EG_LOT_12,2,,,,,,1,2,,,1,,,,Y
SIMTECH,EQ_WAFER_297,FAB,2,EG_LOT_13,3,,,,,,1,5.092,,,1,,,,Y
SIMTECH,EQ_LOT_53,FAB,2,EG_LOT_14,2,,,,,,1,0.4,,,1,,,,Y
SIMTECH,EQ_LOT_54,FAB,2,EG_LOT_14,2,,,,,,1,0.4,,,1,,,,Y
SIMTECH,EQ_LOT_55,FAB,2,EG_LOT_14,2,,,,,,1,0.4,,,1,,,,Y
SIMTECH,EQ_LOT_130,FAB,3,EG_LOT_27,2,,,,,,1,0.4,,,1,,,,Y
SIMTECH,EQ_LOT_56,FAB,4,EG_LOT_15,2,,,,,,1,0.4,,,1,,,,Y
SIMTECH,EQ_LOT_57,FAB,4,EG_LOT_15,2,,,,,,1,0.4,,,1,,,,Y
SIMTECH,EQ_LOT_137,FAB,4,EG_LOT_31,2,,,,,,1,,,,1,,,,Y
SIMTECH,EQ_LOT_138,FAB,4,EG_LOT_31,2,,,,,,1,,,,1,,,,Y
SIMTECH,EQ_LOT_139,FAB,4,EG_LOT_31,2,,,,,,1,,,,1,,,,Y
SIMTECH,EQ_WAFER_492,FAB,24,EG_WAFER_93,3,,,,,,1,8,,,1,,,,Y
SIMTECH,EQ_WAFER_493,FAB,24,EG_WAFER_93,3,,,,,,1,8,,,1,,,,Y
SIMTECH,EQ_WAFER_494,FAB,24,EG_WAFER_93,3,,,,,,1,8,,,1,,,,Y
SIMTECH,EQ_WAFER_495,FAB,16,EG_WAFER_93,3,,,,,,1,8,,,1,,,,Y
SIMTECH,EQ_WAFER_496,FAB,24,EG_WAFER_93,3,,,,,,1,8,,,1,,,,Y
SIMTECH,EQ_WAFER_522,FAB,13,EG_WAFER_94,3,,,,,,1,0,,,1,,,,Y
SIMTECH,EQ_WAFER_497,FAB,24,EG_WAFER_93,3,,,,,,1,8,,,1,,,,Y
SIMTECH,EQ_WAFER_498,FAB,16,EG_WAFER_93,3,,,,,,1,8,,,1,,,,Y
SIMTECH,EQ_WAFER_523,FAB,10,EG_WAFER_94,3,,,,,,1,0,,,1,,,,Y
SIMTECH,EQ_WAFER_524,FAB,6,EG_WAFER_94,3,,,,,,1,0,,,1,,,,Y
SIMTECH,EQ_WAFER_499,FAB,132,EG_WAFER_93,3,,,,,,1,8,,,1,,,,Y
SIMTECH,EQ_WAFER_500,FAB,24,EG_WAFER_93,3,,,,,,1,8,,,1,,,,Y
SIMTECH,EQ_WAFER_525,FAB,10,EG_WAFER_94,3,,,,,,1,0,,,1,,,,Y
SIMTECH,EQ_WAFER_501,FAB,132,EG_WAFER_93,3,,,,,,1,8,,,1,,,,Y
SIMTECH,EQ_WAFER_502,FAB,132,EG_WAFER_93,3,,,,,,1,8,,,1,,,,Y
SIMTECH,EQ_WAFER_526,FAB,6,EG_WAFER_94,3,,,,,,1,0,,,1,,,,Y
SIMTECH,EQ_WAFER_503,FAB,16,EG_WAFER_93,3,,,,,,1,8,,,1,,,,Y
SIMTECH,EQ_WAFER_527,FAB,10,EG_WAFER_94,3,,,,,,1,0,,,1,,,,Y
SIMTECH,EQ_WAFER_504,FAB,24,EG_WAFER_93,3,,,,,,1,8,,,1,,,,Y
SIMTECH,EQ_WAFER_505,FAB,16,EG_WAFER_93,3,,,,,,1,8,,,1,,,,Y
SIMTECH,EQ_WAFER_506,FAB,16,EG_WAFER_93,3,,,,,,1,8,,,1,,,,Y
SIMTECH,EQ_WAFER_507,FAB,16,EG_WAFER_93,3,,,,,,1,8,,,1,,,,Y
SIMTECH,EQ_WAFER_508,FAB,16,EG_WAFER_93,3,,,,,,1,8,,,1,,,,Y
SIMTECH,EQ_WAFER_528,FAB,10,EG_WAFER_94,3,,,,,,1,0,,,1,,,,Y
SIMTECH,EQ_WAFER_529,FAB,10,EG_WAFER_94,3,,,,,,1,0,,,1,,,,Y
SIMTECH,EQ_WAFER_509,FAB,132,EG_WAFER_93,3,,,,,,1,8,,,1,,,,Y
SIMTECH,EQ_WAFER_510,FAB,16,EG_WAFER_93,3,,,,,,1,8,,,1,,,,Y
SIMTECH,EQ_WAFER_530,FAB,13,EG_WAFER_94,3,,,,,,1,0,,,1,,,,Y
SIMTECH,EQ_WAFER_511,FAB,24,EG_WAFER_93,3,,,,,,1,8,,,1,,,,Y
SIMTECH,EQ_WAFER_512,FAB,20,EG_WAFER_93,3,,,,,,1,8,,,1,,,,Y
SIMTECH,EQ_WAFER_531,FAB,16,EG_WAFER_94,3,,,,,,1,0,,,1,,,,Y
SIMTECH,EQ_WAFER_513,FAB,16,EG_WAFER_93,3,,,,,,1,8,,,1,,,,Y
SIMTECH,EQ_WAFER_514,FAB,16,EG_WAFER_93,3,,,,,,1,8,,,1,,,,Y
SIMTECH,EQ_WAFER_515,FAB,16,EG_WAFER_93,3,,,,,,1,8,,,1,,,,Y
SIMTECH,EQ_WAFER_532,FAB,13,EG_WAFER_94,3,,,,,,1,0,,,1,,,,Y
SIMTECH,EQ_WAFER_533,FAB,11,EG_WAFER_94,3,,,,,,1,0,,,1,,,,Y
SIMTECH,EQ_LOT_1,FAB,4,EG_LOT_1,2,,,,,,1,0.4,,,1,,,,Y
SIMTECH,EQ_LOT_2,FAB,4,EG_LOT_1,2,,,,,,1,0.4,,,1,,,,Y
SIMTECH,EQ_LOT_133,FAB,3,EG_LOT_29,2,,,,,,1,0.4,,,1,,,,Y
SIMTECH,EQ_WAFER_397,FAB,1,EG_LOT_29,3,,,,,,1,0.4,,,1,,,,Y
SIMTECH,EQ_LOT_115,FAB,17,EG_LOT_24,2,,,,,,1,1.2,,,1,,,,Y
SIMTECH,EQ_LOT_116,FAB,17,EG_LOT_24,2,,,,,,1,1.2,,,1,,,,Y
SIMTECH,EQ_LOT_117,FAB,17,EG_LOT_25,2,,,,,,1,1.2,,,1,,,,Y
SIMTECH,EQ_LOT_118,FAB,17,EG_LOT_25,2,,,,,,1,1.2,,,1,,,,Y
SIMTECH,EQ_LOT_119,FAB,17,EG_LOT_25,2,,,,,,1,1.2,,,1,,,,Y
SIMTECH,EQ_LOT_120,FAB,17,EG_LOT_25,2,,,,,,1,1.2,,,1,,,,Y
SIMTECH,EQ_LOT_121,FAB,17,EG_LOT_25,2,,,,,,1,1.2,,,1,,,,Y
SIMTECH,EQ_LOT_122,FAB,17,EG_LOT_25,2,,,,,,1,1.2,,,1,,,,Y
SIMTECH,EQ_LOT_123,FAB,17,EG_LOT_25,2,,,,,,1,1.2,,,1,,,,Y
SIMTECH,EQ_LOT_124,FAB,17,EG_LOT_25,2,,,,,,1,1.2,,,1,,,,Y
SIMTECH,EQ_LOT_125,FAB,17,EG_LOT_25,2,,,,,,1,1.2,,,1,,,,Y
SIMTECH,EQ_LOT_126,FAB,17,EG_LOT_25,2,,,,,,1,1.2,,,1,,,,Y
SIMTECH,EQ_LOT_149,FAB,2,EG_LOT_38,2,,,,,,1,7.36,,,1,,,,Y
SIMTECH,EQ_WAFER_92,FAB,5,EG_WAFER_14,3,,,,,,1,1,,,1,,,,Y
SIMTECH,EQ_WAFER_93,FAB,5,EG_WAFER_14,3,,,,,,1,1,,,1,,,,Y
SIMTECH,EQ_WAFER_94,FAB,4,EG_WAFER_14,3,,,,,,1,1,,,1,,,,Y
SIMTECH,EQ_WAFER_95,FAB,5,EG_WAFER_14,3,,,,,,1,1,,,1,,,,Y
SIMTECH,EQ_WAFER_96,FAB,5,EG_WAFER_14,3,,,,,,1,1,,,1,,,,Y
SIMTECH,EQ_WAFER_97,FAB,4,EG_WAFER_14,3,,,,,,1,1,,,1,,,,Y
SIMTECH,EQ_WAFER_98,FAB,4,EG_WAFER_14,3,,,,,,1,1,,,1,,,,Y
SIMTECH,EQ_WAFER_99,FAB,5,EG_WAFER_14,3,,,,,,1,1,,,1,,,,Y
SIMTECH,EQ_WAFER_100,FAB,5,EG_WAFER_14,3,,,,,,1,1,,,1,,,,Y
SIMTECH,EQ_WAFER_101,FAB,4,EG_WAFER_14,3,,,,,,1,1,,,1,,,,Y
SIMTECH,EQ_WAFER_102,FAB,4,EG_WAFER_14,3,,,,,,1,1,,,1,,,,Y
SIMTECH,EQ_WAFER_332,FAB,3,EG_WAFER_55,3,,,,,,1,0,,,1,,,,Y
SIMTECH,EQ_WAFER_621,FAB,25,EG_WAFER_103,3,,,,,,1,13.88,,,1,,,,Y
SIMTECH,EQ_WAFER_622,FAB,25,EG_WAFER_103,3,,,,,,1,13.88,,,1,,,,Y
SIMTECH,EQ_WAFER_623,FAB,25,EG_WAFER_103,3,,,,,,1,13.88,,,1,,,,Y
SIMTECH,EQ_WAFER_624,FAB,25,EG_WAFER_103,3,,,,,,1,13.88,,,1,,,,Y
SIMTECH,EQ_WAFER_625,FAB,25,EG_WAFER_103,3,,,,,,1,13.88,,,1,,,,Y
SIMTECH,EQ_WAFER_626,FAB,25,EG_WAFER_103,3,,,,,,1,13.88,,,1,,,,Y
SIMTECH,EQ_WAFER_627,FAB,25,EG_WAFER_103,3,,,,,,1,13.88,,,1,,,,Y
SIMTECH,EQ_WAFER_628,FAB,25,EG_WAFER_103,3,,,,,,1,13.88,,,1,,,,Y
SIMTECH,EQ_WAFER_629,FAB,25,EG_WAFER_103,3,,,,,,1,13.88,,,1,,,,Y
SIMTECH,EQ_WAFER_630,FAB,25,EG_WAFER_103,3,,,,,,1,13.88,,,1,,,,Y
SIMTECH,EQ_WAFER_631,FAB,8,EG_WAFER_103,3,,,,,,1,13.88,,,1,,,,Y
SIMTECH,EQ_WAFER_632,FAB,23,EG_WAFER_103,3,,,,,,1,13.88,,,1,,,,Y
SIMTECH,EQ_WAFER_633,FAB,9,EG_WAFER_103,3,,,,,,1,13.88,,,1,,,,Y
SIMTECH,EQ_WAFER_58,FAB,8,EG_WAFER_10,4,,,,,,1,6.68,,,1,,,,Y
SIMTECH,EQ_WAFER_59,FAB,34,EG_WAFER_10,4,,,,,,1,6.68,,,1,,,,Y
SIMTECH,EQ_WAFER_60,FAB,13,EG_WAFER_10,4,,,,,,1,6.68,,,1,,,,Y
SIMTECH,EQ_WAFER_61,FAB,15,EG_WAFER_10,4,,,,,,1,6.68,,,1,,,,Y
SIMTECH,EQ_WAFER_62,FAB,9,EG_WAFER_10,4,,,,,,1,6.68,,,1,,,,Y
SIMTECH,EQ_WAFER_63,FAB,9,EG_WAFER_10,4,,,,,,1,6.68,,,1,,,,Y
SIMTECH,EQ_WAFER_64,FAB,25,EG_WAFER_10,4,,,,,,1,6.68,,,1,,,,Y
SIMTECH,EQ_WAFER_65,FAB,11,EG_WAFER_10,4,,,,,,1,6.68,,,1,,,,Y
SIMTECH,EQ_WAFER_66,FAB,5,EG_WAFER_10,4,,,,,,1,6.68,,,1,,,,Y
SIMTECH,EQ_WAFER_67,FAB,2,EG_WAFER_10,4,,,,,,1,6.68,,,1,,,,Y
SIMTECH,EQ_WAFER_68,FAB,1,EG_WAFER_10,4,,,,,,1,6.68,,,1,,,,Y
SIMTECH,EQ_WAFER_601,FAB,350,EG_WAFER_101,3,,,,,,1,15,,,1,,,,Y
SIMTECH,EQ_WAFER_602,FAB,350,EG_WAFER_101,3,,,,,,1,15,,,1,,,,Y
SIMTECH,EQ_WAFER_603,FAB,350,EG_WAFER_101,3,,,,,,1,15,,,1,,,,Y
SIMTECH,EQ_WAFER_604,FAB,21,EG_WAFER_101,3,,,,,,1,15,,,1,,,,Y
SIMTECH,EQ_WAFER_605,FAB,21,EG_WAFER_101,3,,,,,,1,15,,,1,,,,Y
SIMTECH,EQ_WAFER_606,FAB,18,EG_WAFER_101,3,,,,,,1,15,,,1,,,,Y
SIMTECH,EQ_WAFER_607,FAB,350,EG_WAFER_101,3,,,,,,1,15,,,1,,,,Y
SIMTECH,EQ_WAFER_608,FAB,350,EG_WAFER_101,3,,,,,,1,15,,,1,,,,Y
SIMTECH,EQ_WAFER_609,FAB,21,EG_WAFER_101,3,,,,,,1,15,,,1,,,,Y
SIMTECH,EQ_WAFER_610,FAB,21,EG_WAFER_101,3,,,,,,1,15,,,1,,,,Y
SIMTECH,EQ_WAFER_611,FAB,29,EG_WAFER_101,3,,,,,,1,15,,,1,,,,Y
SIMTECH,EQ_WAFER_612,FAB,29,EG_WAFER_101,3,,,,,,1,15,,,1,,,,Y
SIMTECH,EQ_WAFER_613,FAB,13,EG_WAFER_101,3,,,,,,1,15,,,1,,,,Y
SIMTECH,EQ_WAFER_614,FAB,29,EG_WAFER_101,3,,,,,,1,15,,,1,,,,Y
SIMTECH,EQ_WAFER_615,FAB,13,EG_WAFER_101,3,,,,,,1,15,,,1,,,,Y
SIMTECH,EQ_WAFER_616,FAB,275,EG_WAFER_101,3,,,,,,1,15,,,1,,,,Y
SIMTECH,EQ_WAFER_617,FAB,275,EG_WAFER_101,3,,,,,,1,15,,,1,,,,Y
SIMTECH,EQ_WAFER_618,FAB,11,EG_WAFER_101,3,,,,,,1,15,,,1,,,,Y
SIMTECH,EQ_WAFER_544,FAB,5,EG_WAFER_96,3,,,,,,1,2.5,,,1,,,,Y
SIMTECH,EQ_WAFER_545,FAB,4,EG_WAFER_96,3,,,,,,1,2.5,,,1,,,,Y
SIMTECH,EQ_WAFER_546,FAB,4,EG_WAFER_96,3,,,,,,1,2.5,,,1,,,,Y
SIMTECH,EQ_WAFER_547,FAB,6,EG_WAFER_96,3,,,,,,1,2.5,,,1,,,,Y
SIMTECH,EQ_WAFER_548,FAB,5,EG_WAFER_96,3,,,,,,1,2.5,,,1,,,,Y
SIMTECH,EQ_WAFER_549,FAB,5,EG_WAFER_96,3,,,,,,1,2.5,,,1,,,,Y
SIMTECH,EQ_WAFER_550,FAB,4,EG_WAFER_96,3,,,,,,1,2.5,,,1,,,,Y
SIMTECH,EQ_WAFER_551,FAB,4,EG_WAFER_96,3,,,,,,1,2.5,,,1,,,,Y
SIMTECH,EQ_WAFER_552,FAB,6,EG_WAFER_96,3,,,,,,1,2.5,,,1,,,,Y
SIMTECH,EQ_WAFER_553,FAB,6,EG_WAFER_96,3,,,,,,1,2.5,,,1,,,,Y
SIMTECH,EQ_WAFER_554,FAB,4,EG_WAFER_96,3,,,,,,1,2.5,,,1,,,,Y
SIMTECH,EQ_WAFER_555,FAB,5,EG_WAFER_96,3,,,,,,1,2.5,,,1,,,,Y
SIMTECH,EQ_WAFER_556,FAB,5,EG_WAFER_96,3,,,,,,1,2.5,,,1,,,,Y
SIMTECH,EQ_WAFER_557,FAB,5,EG_WAFER_96,3,,,,,,1,2.5,,,1,,,,Y
SIMTECH,EQ_WAFER_558,FAB,5,EG_WAFER_96,3,,,,,,1,2.5,,,1,,,,Y
SIMTECH,EQ_WAFER_559,FAB,5,EG_WAFER_96,3,,,,,,1,2.5,,,1,,,,Y
SIMTECH,EQ_WAFER_560,FAB,6,EG_WAFER_96,3,,,,,,1,2.5,,,1,,,,Y
SIMTECH,EQ_WAFER_561,FAB,5,EG_WAFER_96,3,,,,,,1,2.5,,,1,,,,Y
SIMTECH,EQ_WAFER_562,FAB,6,EG_WAFER_96,3,,,,,,1,2.5,,,1,,,,Y
SIMTECH,EQ_WAFER_563,FAB,6,EG_WAFER_96,3,,,,,,1,2.5,,,1,,,,Y
SIMTECH,EQ_WAFER_564,FAB,5,EG_WAFER_96,3,,,,,,1,2.5,,,1,,,,Y
SIMTECH,EQ_WAFER_565,FAB,4,EG_WAFER_96,3,,,,,,1,2.5,,,1,,,,Y
SIMTECH,EQ_WAFER_566,FAB,5,EG_WAFER_96,3,,,,,,1,2.5,,,1,,,,Y
SIMTECH,EQ_WAFER_567,FAB,5,EG_WAFER_96,3,,,,,,1,2.5,,,1,,,,Y
SIMTECH,EQ_WAFER_568,FAB,5,EG_WAFER_96,3,,,,,,1,2.5,,,1,,,,Y
SIMTECH,EQ_WAFER_569,FAB,5,EG_WAFER_96,3,,,,,,1,2.5,,,1,,,,Y
SIMTECH,EQ_WAFER_570,FAB,4,EG_WAFER_96,3,,,,,,1,2.5,,,1,,,,Y
SIMTECH,EQ_WAFER_571,FAB,4,EG_WAFER_96,3,,,,,,1,2.5,,,1,,,,Y
SIMTECH,EQ_WAFER_572,FAB,4,EG_WAFER_96,3,,,,,,1,2.5,,,1,,,,Y
SIMTECH,EQ_WAFER_573,FAB,4,EG_WAFER_96,3,,,,,,1,2.5,,,1,,,,Y
SIMTECH,EQ_WAFER_574,FAB,6,EG_WAFER_96,3,,,,,,1,2.5,,,1,,,,Y
SIMTECH,EQ_WAFER_575,FAB,7,EG_WAFER_96,3,,,,,,1,2.5,,,1,,,,Y
SIMTECH,EQ_WAFER_586,FAB,6,EG_WAFER_98,3,,,,,,1,,,,1,,,,Y
SIMTECH,EQ_WAFER_587,FAB,7,EG_WAFER_98,3,,,,,,1,,,,1,,,,Y
SIMTECH,EQ_WAFER_588,FAB,7,EG_WAFER_98,3,,,,,,1,,,,1,,,,Y
SIMTECH,EQ_WAFER_589,FAB,6,EG_WAFER_98,3,,,,,,1,,,,1,,,,Y
SIMTECH,EQ_WAFER_590,FAB,7,EG_WAFER_98,3,,,,,,1,,,,1,,,,Y
SIMTECH,EQ_WAFER_591,FAB,7,EG_WAFER_98,3,,,,,,1,,,,1,,,,Y
SIMTECH,EQ_WAFER_592,FAB,7,EG_WAFER_98,3,,,,,,1,,,,1,,,,Y
SIMTECH,EQ_WAFER_593,FAB,7,EG_WAFER_98,3,,,,,,1,,,,1,,,,Y
SIMTECH,EQ_WAFER_594,FAB,7,EG_WAFER_98,3,,,,,,1,,,,1,,,,Y
SIMTECH,EQ_WAFER_400,FAB,9,EG_WAFER_75,3,,,,,,1,0,,,1,,,,Y
SIMTECH,EQ_WAFER_401,FAB,9,EG_WAFER_75,3,,,,,,1,0,,,1,,,,Y
SIMTECH,EQ_WAFER_402,FAB,5,EG_WAFER_75,3,,,,,,1,0,,,1,,,,Y
SIMTECH,EQ_WAFER_403,FAB,5,EG_WAFER_75,3,,,,,,1,0,,,1,,,,Y
SIMTECH,EQ_WAFER_404,FAB,5,EG_WAFER_75,3,,,,,,1,0,,,1,,,,Y
SIMTECH,EQ_WAFER_576,FAB,8,EG_WAFER_96,3,,,,,,1,2.5,,,1,,,,Y
SIMTECH,EQ_WAFER_577,FAB,4,EG_WAFER_96,3,,,,,,1,2.5,,,1,,,,Y
SIMTECH,EQ_WAFER_578,FAB,4,EG_WAFER_96,3,,,,,,1,2.5,,,1,,,,Y
SIMTECH,EQ_WAFER_351,FAB,2,EG_WAFER_62,3,,,,,,1,0,,,1,,,,Y
SIMTECH,EQ_WAFER_352,FAB,2,EG_WAFER_62,3,,,,,,1,0,,,1,,,,Y
SIMTECH,EQ_WAFER_353,FAB,2,EG_WAFER_62,3,,,,,,1,0,,,1,,,,Y
SIMTECH,EQ_WAFER_337,FAB,2,EG_WAFER_57,3,,,,,,1,18,,,1,,,,Y
SIMTECH,EQ_WAFER_338,FAB,2,EG_WAFER_57,3,,,,,,1,18,,,1,,,,Y
SIMTECH,EQ_WAFER_345,FAB,2,EG_WAFER_61,3,,,,,,1,8.4,,,1,,,,Y
SIMTECH,EQ_WAFER_346,FAB,2,EG_WAFER_61,3,,,,,,1,8.4,,,1,,,,Y
SIMTECH,EQ_WAFER_347,FAB,2,EG_WAFER_61,3,,,,,,1,8.4,,,1,,,,Y
SIMTECH,EQ_WAFER_348,FAB,2,EG_WAFER_61,3,,,,,,1,8.4,,,1,,,,Y
SIMTECH,EQ_WAFER_349,FAB,2,EG_WAFER_61,3,,,,,,1,8.4,,,1,,,,Y
SIMTECH,EQ_WAFER_209,FAB,6,EG_WAFER_32,3,,,,,,1,10.94,,,1,,,,Y
SIMTECH,EQ_WAFER_210,FAB,7,EG_WAFER_32,3,,,,,,1,10.94,,,1,,,,Y
SIMTECH,EQ_WAFER_211,FAB,7,EG_WAFER_32,3,,,,,,1,10.94,,,1,,,,Y
SIMTECH,EQ_WAFER_212,FAB,6,EG_WAFER_32,3,,,,,,1,10.94,,,1,,,,Y
SIMTECH,EQ_WAFER_213,FAB,6,EG_WAFER_32,3,,,,,,1,10.94,,,1,,,,Y
SIMTECH,EQ_WAFER_214,FAB,7,EG_WAFER_32,3,,,,,,1,10.94,,,1,,,,Y
SIMTECH,EQ_WAFER_215,FAB,28,EG_WAFER_32,3,,,,,,1,10.94,,,1,,,,Y
SIMTECH,EQ_WAFER_216,FAB,28,EG_WAFER_32,3,,,,,,1,10.94,,,1,,,,Y
SIMTECH,EQ_WAFER_217,FAB,28,EG_WAFER_32,3,,,,,,1,10.94,,,1,,,,Y
SIMTECH,EQ_WAFER_218,FAB,28,EG_WAFER_32,3,,,,,,1,10.94,,,1,,,,Y
SIMTECH,EQ_WAFER_219,FAB,6,EG_WAFER_32,3,,,,,,1,10.94,,,1,,,,Y
SIMTECH,EQ_WAFER_220,FAB,6,EG_WAFER_32,3,,,,,,1,10.94,,,1,,,,Y
SIMTECH,EQ_WAFER_221,FAB,6,EG_WAFER_32,3,,,,,,1,10.94,,,1,,,,Y
SIMTECH,EQ_WAFER_451,FAB,39,EG_WAFER_84,3,,,,,,1,10,,,1,,,,Y
SIMTECH,EQ_WAFER_452,FAB,3,EG_WAFER_84,3,,,,,,1,10,,,1,,,,Y
SIMTECH,EQ_WAFER_453,FAB,39,EG_WAFER_84,3,,,,,,1,10,,,1,,,,Y
SIMTECH,EQ_WAFER_454,FAB,39,EG_WAFER_84,3,,,,,,1,10,,,1,,,,Y
SIMTECH,EQ_WAFER_455,FAB,3,EG_WAFER_84,3,,,,,,1,10,,,1,,,,Y
SIMTECH,EQ_WAFER_456,FAB,39,EG_WAFER_84,3,,,,,,1,10,,,1,,,,Y
SIMTECH,EQ_WAFER_457,FAB,2,EG_WAFER_84,3,,,,,,1,10,,,1,,,,Y
SIMTECH,EQ_WAFER_458,FAB,3,EG_WAFER_84,3,,,,,,1,10,,,1,,,,Y
SIMTECH,EQ_WAFER_459,FAB,3,EG_WAFER_84,3,,,,,,1,10,,,1,,,,Y
SIMTECH,EQ_WAFER_460,FAB,39,EG_WAFER_84,3,,,,,,1,10,,,1,,,,Y
SIMTECH,EQ_WAFER_461,FAB,3,EG_WAFER_84,3,,,,,,1,10,,,1,,,,Y
SIMTECH,EQ_WAFER_462,FAB,3,EG_WAFER_84,3,,,,,,1,10,,,1,,,,Y
SIMTECH,EQ_WAFER_463,FAB,3,EG_WAFER_84,3,,,,,,1,10,,,1,,,,Y
SIMTECH,EQ_WAFER_464,FAB,29,EG_WAFER_84,3,,,,,,1,10,,,1,,,,Y
SIMTECH,EQ_WAFER_465,FAB,29,EG_WAFER_84,3,,,,,,1,10,,,1,,,,Y
SIMTECH,EQ_WAFER_466,FAB,3,EG_WAFER_84,3,,,,,,1,10,,,1,,,,Y
SIMTECH,EQ_WAFER_467,FAB,29,EG_WAFER_84,3,,,,,,1,10,,,1,,,,Y
SIMTECH,EQ_WAFER_468,FAB,29,EG_WAFER_84,3,,,,,,1,10,,,1,,,,Y
SIMTECH,EQ_WAFER_469,FAB,29,EG_WAFER_84,3,,,,,,1,10,,,1,,,,Y
SIMTECH,EQ_WAFER_470,FAB,2,EG_WAFER_84,3,,,,,,1,10,,,1,,,,Y
SIMTECH,EQ_LOT_43,FAB,3,EG_LOT_10,2,,,,,,1,1.8,,,1,,,,Y
SIMTECH,EQ_WAFER_290,FAB,3,EG_WAFER_51,3,,,,,,1,0.4,,,1,,,,Y
SIMTECH,EQ_WAFER_291,FAB,3,EG_WAFER_51,3,,,,,,1,0.4,,,1,,,,Y
SIMTECH,EQ_WAFER_292,FAB,3,EG_WAFER_51,3,,,,,,1,0.4,,,1,,,,Y
SIMTECH,EQ_WAFER_293,FAB,3,EG_WAFER_51,3,,,,,,1,0.4,,,1,,,,Y
SIMTECH,EQ_WAFER_294,FAB,3,EG_WAFER_51,3,,,,,,1,0.4,,,1,,,,Y
SIMTECH,EQ_WAFER_471,FAB,2,EG_WAFER_85,3,,,,,,1,0.4,,,1,,,,Y
SIMTECH,EQ_WAFER_119,FAB,2,EG_WAFER_18,3,,,,,,1,0,,,1,,,,Y
SIMTECH,EQ_WAFER_120,FAB,2,EG_WAFER_18,3,,,,,,1,0,,,1,,,,Y
SIMTECH,EQ_WAFER_121,FAB,2,EG_WAFER_18,3,,,,,,1,0,,,1,,,,Y
SIMTECH,EQ_WAFER_122,FAB,2,EG_WAFER_18,3,,,,,,1,0,,,1,,,,Y
SIMTECH,EQ_WAFER_123,FAB,2,EG_WAFER_18,3,,,,,,1,0,,,1,,,,Y
SIMTECH,EQ_WAFER_124,FAB,2,EG_WAFER_18,3,,,,,,1,0,,,1,,,,Y
SIMTECH,EQ_WAFER_125,FAB,2,EG_WAFER_18,3,,,,,,1,0,,,1,,,,Y
SIMTECH,EQ_WAFER_126,FAB,2,EG_WAFER_18,3,,,,,,1,0,,,1,,,,Y
SIMTECH,EQ_WAFER_127,FAB,2,EG_WAFER_18,3,,,,,,1,0,,,1,,,,Y
SIMTECH,EQ_WAFER_128,FAB,2,EG_WAFER_18,3,,,,,,1,0,,,1,,,,Y
SIMTECH,EQ_WAFER_129,FAB,2,EG_WAFER_18,3,,,,,,1,0,,,1,,,,Y
SIMTECH,EQ_WAFER_130,FAB,2,EG_WAFER_18,3,,,,,,1,0,,,1,,,,Y
SIMTECH,EQ_WAFER_516,FAB,13,EG_WAFER_93,3,,,,,,1,8,,,1,,,,Y
SIMTECH,EQ_WAFER_113,FAB,5,EG_WAFER_16,3,,,,,,1,0.4,,,1,,,,Y
SIMTECH,EQ_WAFER_114,FAB,7,EG_WAFER_16,3,,,,,,1,0.4,,,1,,,,Y
SIMTECH,EQ_WAFER_115,FAB,5,EG_WAFER_16,3,,,,,,1,0.4,,,1,,,,Y
SIMTECH,EQ_WAFER_116,FAB,3,EG_WAFER_16,3,,,,,,1,0.4,,,1,,,,Y
SIMTECH,EQ_WAFER_2,FAB,12,EG_WAFER_2,3,,,,,,1,0,,,1,,,,Y
SIMTECH,EQ_WAFER_3,FAB,12,EG_WAFER_2,3,,,,,,1,0,,,1,,,,Y
SIMTECH,EQ_WAFER_4,FAB,12,EG_WAFER_2,3,,,,,,1,0,,,1,,,,Y
SIMTECH,EQ_WAFER_5,FAB,4,EG_WAFER_2,3,,,,,,1,0,,,1,,,,Y
SIMTECH,EQ_WAFER_6,FAB,12,EG_WAFER_2,3,,,,,,1,0,,,1,,,,Y
SIMTECH,EQ_WAFER_7,FAB,12,EG_WAFER_2,3,,,,,,1,0,,,1,,,,Y
SIMTECH,EQ_WAFER_8,FAB,4,EG_WAFER_2,3,,,,,,1,0,,,1,,,,Y
SIMTECH,EQ_WAFER_9,FAB,12,EG_WAFER_2,3,,,,,,1,0,,,1,,,,Y
SIMTECH,EQ_WAFER_10,FAB,12,EG_WAFER_2,3,,,,,,1,0,,,1,,,,Y
SIMTECH,EQ_WAFER_11,FAB,12,EG_WAFER_2,3,,,,,,1,0,,,1,,,,Y
SIMTECH,EQ_WAFER_12,FAB,12,EG_WAFER_2,3,,,,,,1,0,,,1,,,,Y
SIMTECH,EQ_WAFER_13,FAB,12,EG_WAFER_2,3,,,,,,1,0,,,1,,,,Y
SIMTECH,EQ_WAFER_14,FAB,12,EG_WAFER_2,3,,,,,,1,0,,,1,,,,Y
SIMTECH,EQ_WAFER_15,FAB,12,EG_WAFER_2,3,,,,,,1,0,,,1,,,,Y
SIMTECH,EQ_WAFER_16,FAB,12,EG_WAFER_2,3,,,,,,1,0,,,1,,,,Y
SIMTECH,EQ_WAFER_17,FAB,12,EG_WAFER_2,3,,,,,,1,0,,,1,,,,Y
SIMTECH,EQ_WAFER_18,FAB,12,EG_WAFER_2,3,,,,,,1,0,,,1,,,,Y
SIMTECH,EQ_WAFER_19,FAB,12,EG_WAFER_2,3,,,,,,1,0,,,1,,,,Y
SIMTECH,EQ_WAFER_20,FAB,12,EG_WAFER_2,3,,,,,,1,0,,,1,,,,Y
SIMTECH,EQ_WAFER_21,FAB,12,EG_WAFER_2,3,,,,,,1,0,,,1,,,,Y
SIMTECH,EQ_WAFER_22,FAB,12,EG_WAFER_2,3,,,,,,1,0,,,1,,,,Y
SIMTECH,EQ_WAFER_23,FAB,12,EG_WAFER_2,3,,,,,,1,0,,,1,,,,Y
SIMTECH,EQ_WAFER_24,FAB,12,EG_WAFER_2,3,,,,,,1,0,,,1,,,,Y
SIMTECH,EQ_WAFER_25,FAB,12,EG_WAFER_2,3,,,,,,1,0,,,1,,,,Y
SIMTECH,EQ_WAFER_368,FAB,9,EG_WAFER_66,5,,,,,5,1,10.252,,,1,,,,Y
SIMTECH,EQ_WAFER_369,FAB,9,EG_WAFER_66,5,,,,,5,1,10.252,,,1,,,,Y
SIMTECH,EQ_WAFER_370,FAB,5,EG_WAFER_66,5,,,,,5,1,10.252,,,1,,,,Y
SIMTECH,EQ_WAFER_371,FAB,8,EG_WAFER_66,5,,,,,5,1,10.252,,,1,,,,Y
SIMTECH,EQ_WAFER_372,FAB,8,EG_WAFER_66,3,,,,,,1,10.252,,,1,,,,Y
SIMTECH,EQ_WAFER_264,FAB,3,EG_WAFER_46,3,,,,,,1,7.32,,,1,,,,Y
SIMTECH,EQ_WAFER_265,FAB,5,EG_WAFER_46,3,,,,,,1,7.32,,,1,,,,Y
SIMTECH,EQ_WAFER_266,FAB,3,EG_WAFER_46,3,,,,,,1,7.32,,,1,,,,Y
SIMTECH,EQ_WAFER_267,FAB,3,EG_WAFER_46,3,,,,,,1,7.32,,,1,,,,Y
SIMTECH,EQ_WAFER_268,FAB,3,EG_WAFER_46,3,,,,,,1,7.32,,,1,,,,Y
SIMTECH,EQ_WAFER_269,FAB,3,EG_WAFER_46,3,,,,,,1,7.32,,,1,,,,Y
SIMTECH,EQ_WAFER_270,FAB,5,EG_WAFER_46,3,,,,,,1,7.32,,,1,,,,Y
SIMTECH,EQ_WAFER_382,FAB,11,EG_WAFER_69,3,,,,,,1,0,,,1,,,,Y
SIMTECH,EQ_WAFER_354,FAB,2,EG_WAFER_62,3,,,,,,1,0,,,1,,,,Y
SIMTECH,EQ_WAFER_355,FAB,2,EG_WAFER_62,3,,,,,,1,0,,,1,,,,Y
SIMTECH,EQ_BATCH_304,FAB,14,EG_BATCH_9,2,60,120,13,50,,1,2.3,,,1,Y,1,0.1,Y
SIMTECH,EQ_BATCH_305,FAB,14,EG_BATCH_9,2,60,120,13,50,,1,2.3,,,1,Y,1,0.1,Y
SIMTECH,EQ_BATCH_306,FAB,14,EG_BATCH_9,2,60,120,13,50,,1,2.3,,,1,Y,1,0.1,Y
SIMTECH,EQ_BATCH_298,FAB,10,EG_BATCH_11,2,60,120,25,50,,1,0,,,1,Y,1,0.1,Y
SIMTECH,EQ_BATCH_307,FAB,14,EG_BATCH_9,2,60,120,13,50,,1,2.3,,,1,Y,1,0.1,Y
SIMTECH,EQ_BATCH_308,FAB,10,EG_BATCH_9,2,30,40,25,50,,1,2.3,,,1,Y,1,0.1,Y
SIMTECH,EQ_BATCH_309,FAB,14,EG_BATCH_9,2,60,120,13,50,,1,2.3,,,1,Y,1,0.1,Y
SIMTECH,EQ_BATCH_310,FAB,14,EG_BATCH_9,2,30,40,13,50,,1,2.3,,,1,Y,1,0.1,Y
SIMTECH,EQ_BATCH_311,FAB,14,EG_BATCH_9,2,31,41,13,50,,1,2.3,,,1,Y,1,0.1,Y
SIMTECH,EQ_BATCH_312,FAB,14,EG_BATCH_9,2,31,41,13,50,,1,2.3,,,1,Y,1,0.1,Y
SIMTECH,EQ_BATCH_313,FAB,14,EG_BATCH_9,2,31,41,13,50,,1,2.3,,,1,Y,1,0.1,Y
SIMTECH,EQ_BATCH_314,FAB,11,EG_BATCH_9,2,60,120,25,50,,1,2.3,,,1,Y,1,0.1,Y
SIMTECH,EQ_BATCH_315,FAB,14,EG_BATCH_9,2,30,40,13,50,,1,2.3,,,1,Y,1,0.1,Y
SIMTECH,EQ_BATCH_316,FAB,14,EG_BATCH_9,2,30,40,13,50,,1,2.3,,,1,Y,1,0.1,Y
SIMTECH,EQ_BATCH_317,FAB,13,EG_BATCH_9,2,31,41,13,50,,1,2.3,,,1,Y,1,0.1,Y
SIMTECH,EQ_BATCH_318,FAB,33,EG_BATCH_9,2,27,36,25,50,,1,2.3,,,1,Y,1,0.1,Y
SIMTECH,EQ_BATCH_319,FAB,13,EG_BATCH_9,3,19,25,25,50,,1,2.3,,,1,Y,1,0.1,Y
SIMTECH,EQ_LOT_109,FAB,304,EG_LOT_23,2,,,,,,1,5,,,1,,,,Y
SIMTECH,EQ_LOT_110,FAB,20,EG_LOT_23,2,,,,,,1,5,,,1,,,,Y
SIMTECH,EQ_LOT_111,FAB,4,EG_LOT_23,2,,,,,,1,5,,,1,,,,Y
SIMTECH,EQ_LOT_112,FAB,4,EG_LOT_23,2,,,,,,1,5,,,1,,,,Y
SIMTECH,EQ_LOT_113,FAB,4,EG_LOT_23,2,,,,,,1,5,,,1,,,,Y
SIMTECH,EQ_WAFER_361,FAB,4,EG_LOT_23,3,,,,,,1,5,,,1,,,,Y
SIMTECH,EQ_WAFER_362,FAB,3,EG_LOT_23,3,,,,,,1,5,,,1,,,,Y
SIMTECH,EQ_LOT_114,FAB,20,EG_LOT_23,2,,,,,,1,5,,,1,,,,Y
SIMTECH,EQ_WAFER_363,FAB,20,EG_LOT_23,3,,,,,,1,5,,,1,,,,Y
SIMTECH,EQ_WAFER_364,FAB,20,EG_LOT_23,3,,,,,,1,5,,,1,,,,Y
SIMTECH,EQ_WAFER_365,FAB,6,EG_LOT_23,3,,,,,,1,5,,,1,,,,Y
SIMTECH,EQ_WAFER_435,FAB,5,EG_WAFER_81,3,,,,,,1,2,,,1,,,,Y
SIMTECH,EQ_LOT_143,FAB,6,EG_LOT_34,2,,,,,,1,0,,,1,,,,Y
SIMTECH,EQ_BATCH_320,FAB,12,EG_BATCH_9,2,25,33,13,50,,1,2.3,,,1,Y,1,0.1,Y
SIMTECH,EQ_BATCH_321,FAB,12,EG_BATCH_9,2,27,35,13,50,,1,2.3,,,1,Y,1,0.1,Y
SIMTECH,EQ_BATCH_359,FAB,4,EG_BATCH_16,2,46,61,50,100,,1,6.72,,,1,Y,1,0.1,Y
SIMTECH,EQ_BATCH_360,FAB,4,EG_BATCH_16,2,46,61,13,100,,1,6.72,,,1,Y,1,0.1,Y
SIMTECH,EQ_BATCH_361,FAB,4,EG_BATCH_16,2,46,61,50,100,,1,6.72,,,1,Y,1,0.1,Y
SIMTECH,EQ_BATCH_362,FAB,4,EG_BATCH_16,2,46,61,50,100,,1,6.72,,,1,Y,1,0.1,Y
SIMTECH,EQ_BATCH_322,FAB,4,EG_BATCH_10,2,60,120,25,50,,1,1,,,1,Y,1,0.1,Y
SIMTECH,EQ_BATCH_323,FAB,6,EG_BATCH_10,2,60,120,25,50,,1,1,,,1,Y,1,0.1,Y
SIMTECH,EQ_BATCH_324,FAB,6,EG_BATCH_10,2,60,120,25,50,,1,1,,,1,Y,1,0.1,Y
SIMTECH,EQ_BATCH_325,FAB,6,EG_BATCH_10,2,39,52,25,50,,1,1,,,1,Y,1,0.1,Y
SIMTECH,EQ_BATCH_326,FAB,5,EG_BATCH_10,2,39,52,25,50,,1,1,,,1,Y,1,0.1,Y
SIMTECH,EQ_BATCH_327,FAB,7,EG_BATCH_10,2,60,120,25,50,,1,1,,,1,Y,1,0.1,Y
SIMTECH,EQ_BATCH_328,FAB,7,EG_BATCH_10,2,60,120,25,50,,1,1,,,1,Y,1,0.1,Y
SIMTECH,EQ_BATCH_329,FAB,7,EG_BATCH_10,2,29,39,25,50,,1,1,,,1,Y,1,0.1,Y
SIMTECH,EQ_BATCH_330,FAB,7,EG_BATCH_10,2,60,120,25,50,,1,1,,,1,Y,1,0.1,Y
SIMTECH,EQ_BATCH_331,FAB,4,EG_BATCH_10,2,60,120,25,50,,1,1,,,1,Y,1,0.1,Y
SIMTECH,EQ_BATCH_332,FAB,4,EG_BATCH_10,2,60,120,25,50,,1,1,,,1,Y,1,0.1,Y
SIMTECH,EQ_BATCH_333,FAB,5,EG_BATCH_10,2,29,39,25,50,,1,1,,,1,Y,1,0.1,Y
SIMTECH,EQ_BATCH_334,FAB,4,EG_BATCH_10,2,29,39,25,50,,1,1,,,1,Y,1,0.1,Y
SIMTECH,EQ_BATCH_299,FAB,6,EG_BATCH_7,2,60,120,25,50,,1,0.4,,,1,Y,1,0.1,Y
SIMTECH,EQ_BATCH_300,FAB,6,EG_BATCH_7,2,32,43,25,50,,1,0.4,,,1,Y,1,0.1,Y
SIMTECH,EQ_BATCH_301,FAB,12,EG_BATCH_7,2,60,120,13,50,,1,0.4,,,1,Y,1,0.1,Y
SIMTECH,EQ_BATCH_302,FAB,15,EG_BATCH_8,2,46,61,25,50,,1,0.4,,,1,Y,1,0.1,Y
SIMTECH,EQ_BATCH_303,FAB,31,EG_BATCH_8,2,60,120,25,50,,1,0.4,,,1,Y,1,0.1,Y
SIMTECH,EQ_WAFER_419,FAB,3,EG_WAFER_80,3,,,,,,1,5.66,,,1,,,,Y
SIMTECH,EQ_WAFER_420,FAB,3,EG_WAFER_80,3,,,,,,1,5.66,,,1,,,,Y
SIMTECH,EQ_WAFER_421,FAB,44,EG_WAFER_80,3,,,,,,1,5.66,,,1,,,,Y
SIMTECH,EQ_WAFER_422,FAB,44,EG_WAFER_80,3,,,,,,1,5.66,,,1,,,,Y
SIMTECH,EQ_WAFER_423,FAB,44,EG_WAFER_80,3,,,,,,1,5.66,,,1,,,,Y
SIMTECH,EQ_WAFER_424,FAB,44,EG_WAFER_80,3,,,,,,1,5.66,,,1,,,,Y
SIMTECH,EQ_WAFER_425,FAB,2,EG_WAFER_80,3,,,,,,1,5.66,,,1,,,,Y
SIMTECH,EQ_WAFER_426,FAB,3,EG_WAFER_80,3,,,,,,1,5.66,,,1,,,,Y
SIMTECH,EQ_WAFER_427,FAB,3,EG_WAFER_80,3,,,,,,1,5.66,,,1,,,,Y
SIMTECH,EQ_WAFER_428,FAB,3,EG_WAFER_80,3,,,,,,1,5.66,,,1,,,,Y
SIMTECH,EQ_WAFER_429,FAB,3,EG_WAFER_80,3,,,,,,1,5.66,,,1,,,,Y
SIMTECH,EQ_WAFER_430,FAB,3,EG_WAFER_80,3,,,,,,1,5.66,,,1,,,,Y
SIMTECH,EQ_WAFER_431,FAB,51,EG_WAFER_80,3,,,,,,1,5.66,,,1,,,,Y
SIMTECH,EQ_WAFER_432,FAB,50,EG_WAFER_80,3,,,,,,1,5.66,,,1,,,,Y
SIMTECH,EQ_WAFER_436,FAB,122,EG_WAFER_81,3,,,,,,1,2,,,1,,,,Y
SIMTECH,EQ_WAFER_437,FAB,122,EG_WAFER_81,3,,,,,,1,2,,,1,,,,Y
SIMTECH,EQ_WAFER_438,FAB,122,EG_WAFER_81,3,,,,,,1,2,,,1,,,,Y
SIMTECH,EQ_WAFER_439,FAB,5,EG_WAFER_81,3,,,,,,1,2,,,1,,,,Y
SIMTECH,EQ_WAFER_440,FAB,5,EG_WAFER_81,3,,,,,,1,2,,,1,,,,Y
SIMTECH,EQ_WAFER_441,FAB,135,EG_WAFER_82,3,,,,,,1,8.86,,,1,,,,Y
SIMTECH,EQ_WAFER_405,FAB,135,EG_WAFER_78,3,,,,,,1,7.16,,,1,,,,Y
SIMTECH,EQ_WAFER_442,FAB,67,EG_WAFER_82,3,,,,,,1,8.86,,,1,,,,Y
SIMTECH,EQ_WAFER_443,FAB,67,EG_WAFER_82,3,,,,,,1,8.86,,,1,,,,Y
SIMTECH,EQ_WAFER_444,FAB,67,EG_WAFER_82,3,,,,,,1,8.86,,,1,,,,Y
SIMTECH,EQ_LOT_141,FAB,247,EG_WAFER_82,2,,,,,,1,8.86,,,1,,,,Y
SIMTECH,EQ_WAFER_406,FAB,61,EG_WAFER_79,3,,,,,,1,7,,,1,,,,Y
SIMTECH,EQ_WAFER_407,FAB,61,EG_WAFER_79,3,,,,,,1,7,,,1,,,,Y
SIMTECH,EQ_WAFER_408,FAB,4,EG_WAFER_79,3,,,,,,1,7,,,1,,,,Y
SIMTECH,EQ_WAFER_409,FAB,4,EG_WAFER_79,3,,,,,,1,7,,,1,,,,Y
SIMTECH,EQ_BATCH_376,FAB,4,EG_BATCH_22,2,46,61,25,50,,1,0.4,,,1,Y,1,0.1,Y
SIMTECH,EQ_BATCH_377,FAB,4,EG_BATCH_22,2,46,61,25,50,,1,0.4,,,1,Y,1,0.1,Y
SIMTECH,EQ_BATCH_378,FAB,4,EG_BATCH_22,3,20,27,25,50,,1,0.4,,,1,Y,1,0.1,Y
SIMTECH,EQ_BATCH_379,FAB,2,EG_BATCH_23,2,15,20,13,25,,1,8,,,1,Y,1,0.1,Y
SIMTECH,EQ_BATCH_380,FAB,2,EG_BATCH_23,2,14,18,13,26,,1,8,,,1,Y,1,0.1,Y
SIMTECH,EQ_BATCH_381,FAB,2,EG_BATCH_23,2,14,19,25,50,,1,8,,,1,Y,1,0.1,Y
SIMTECH,EQ_BATCH_382,FAB,2,EG_BATCH_23,2,14,19,13,26,,1,8,,,1,Y,1,0.1,Y
SIMTECH,EQ_BATCH_383,FAB,1,EG_BATCH_23,2,14,19,25,100,,1,8,,,1,Y,1,0.1,Y
SIMTECH,EQ_BATCH_384,FAB,1,EG_BATCH_23,2,14,19,25,100,,1,8,,,1,Y,1,0.1,Y
SIMTECH,EQ_BATCH_385,FAB,2,EG_BATCH_23,2,14,18,25,50,,1,8,,,1,Y,1,0.1,Y
SIMTECH,EQ_BATCH_386,FAB,2,EG_BATCH_23,2,15,20,25,73,,1,8,,,1,Y,1,0.1,Y
SIMTECH,EQ_BATCH_387,FAB,2,EG_BATCH_23,2,14,18,25,50,,1,8,,,1,Y,1,0.1,Y
SIMTECH,EQ_BATCH_388,FAB,2,EG_BATCH_23,3,14,19,25,100,,1,8,,,1,Y,1,0.1,Y
SIMTECH,EQ_BATCH_389,FAB,2,EG_BATCH_23,2,13,17,25,50,,1,8,,,1,Y,1,0.1,Y
SIMTECH,EQ_BATCH_363,FAB,3,EG_BATCH_16,2,60,120,25,100,,1,6.72,,,1,Y,1,0.1,Y
